id	skill_trick_event_id	rarity	icon_resource_id	name_text_id	is_force_active	special_costume_card_id	special_effect_motion_id
1000001	29090511	1	46100121	10000011			
1000002	29090511	1	46100122	10000021			
1000003	29090511	1	46100123	10000031			
1000004	29090511	1	46100124	10000041			
1000005	29090511	1	46100125	10000051			
5100011	29090511	2	46100221	51000110			
5100021	29090511	2	46100222	51000210			
5100031	29090511	2	46100223	51000310			
5100041	29090511	2	46100224	51000410			
5100051	29090511	2	46100225	51000510			
5100061	29090511	2	46100222	51000610			
5100071	29090511	2	46100223	51000710			
5100081	29090511	2	46100224	51000810			
5100091	29090511	2	46100225	51000910			
5100101	29090511	2	46100221	51001010			
5100111	29090511	2	46100223	51001110			
5100121	29090511	2	46100224	51001210			
5100131	29090511	2	46100225	51001310			
5100141	29090511	2	46100221	51001410			
5100151	29090511	2	46100222	51001510			
5100161	29090511	2	46100224	51001610			
5100171	29090511	2	46100225	51001710			
5100181	29090511	2	46100221	51001810			
5100191	29090511	2	46100222	51001910			
5100201	29090511	2	46100223	51002010			
5100211	29090511	2	46100225	51002110			
5100221	29090511	2	46100221	51002210			
5100231	29090511	2	46100222	51002310			
5100241	29090511	2	46100223	51002410			
5100251	29090511	2	46100224	51002510			
5100261	29090511	2	46100221	51002610			
5100271	29090511	2	46100222	51002710			
5100281	29090511	2	46100223	51002810			
5100291	29090511	2	46100224	51002910			
5100301	29090511	2	46100225	51003010			
5100311	29090511	2	46100222	51003110			
5100321	29090511	2	46100223	51003210			
5100331	29090511	2	46100224	51003310			
5100341	29090511	2	46100225	51003410			
5100351	29090511	2	46100221	51003510			
5100361	29090511	2	46100223	51003610			
5100371	29090511	2	46100224	51003710			
5100381	29090511	2	46100225	51003810			
5100391	29090511	2	46100221	51003910			
5100401	29090511	2	46100222	51004010			
5100411	29090511	2	46100224	51004110			
5100421	29090511	2	46100225	51004210			
5100431	29090511	2	46100221	51004310			
5100441	29090511	2	46100222	51004410			
5100451	29090511	2	46100223	51004510			
5100461	29090511	2	46100225	51004610			
5100471	29090511	2	46100221	51004710			
5100481	29090511	2	46100222	51004810			
5100491	29090511	2	46100223	51004910			
5100501	29090511	2	46100224	51005010			
5100511	29090511	3	46100322	51005110		10051	pose001_2l
5100512	29090511	2	46100222	51005120			
5100521	29090511	3	46100323	51005210		10052	pose001_2l
5100522	29090511	2	46100223	51005220			
5100531	29090511	3	46100324	51005310		10053	pose001_2l
5100532	29090511	2	46100224	51005320			
5100541	29090511	3	46100325	51005410		10054	pose001_2l
5100542	29090511	2	46100225	51005420			
5100551	29090511	3	46100321	51005510		10055	pose001_2l
5100552	29090511	2	46100221	51005520			
5100561	29090511	3	46100322	51005610		10056	pose001_2l
5100562	29090511	2	46100223	51005620			
5100571	29090511	3	46100323	51005710		10057	pose001_2l
5100572	29090511	2	46100224	51005720			
5100581	29090511	3	46100324	51005810		10058	pose001_2l
5100582	29090511	2	46100225	51005820			
5100591	29090511	3	46100325	51005910		10059	pose001_2l
5100592	29090511	2	46100221	51005920			
5100601	29090511	3	46100321	51006010		10060	pose001_2l
5100602	29090511	2	46100222	51006020			
5100611	29090511	3	46100322	51006110		10061	pose001_2l
5100612	29090511	2	46100224	51006120			
5100621	29090511	3	46100323	51006210		10062	pose001_2l
5100622	29090511	2	46100225	51006220			
5100631	29090511	3	46100324	51006310		10063	pose001_2l
5100632	29090511	2	46100221	51006320			
5100641	29090511	3	46100325	51006410		10064	pose001_2l
5100642	29090511	2	46100222	51006420			
5100651	29090511	3	46100321	51006510		10065	pose001_2l
5100652	29090511	2	46100223	51006520			
5100661	29090511	3	46100322	51006610		10066	pose001_2l
5100662	29090511	2	46100225	51006620			
5100671	29090511	3	46100323	51006710		10067	pose001_2l
5100672	29090511	2	46100221	51006720			
5100681	29090511	3	46100324	51006810		10068	pose001_2l
5100682	29090511	2	46100222	51006820			
5100691	29090511	3	46100325	51006910		10069	pose001_2l
5100692	29090511	2	46100223	51006920			
5100701	29090511	3	46100321	51007010		10070	pose001_2l
5100702	29090511	2	46100224	51007020			
5100711	29090511	3	46100322	51007110		10071	pose001_2l
5100712	29090511	2	46100221	51007120			
5100721	29090511	3	46100323	51007210		10072	pose001_2l
5100722	29090511	2	46100222	51007220			
5100731	29090511	3	46100324	51007310		10073	pose001_2l
5100732	29090511	2	46100223	51007320			
5100741	29090511	3	46100325	51007410		10074	pose001_2l
5100742	29090511	2	46100224	51007420			
5100751	29090511	3	46100321	51007510		10075	pose001_2l
5100752	29090511	2	46100225	51007520			
5100761	29090511	3	46100323	51007610		10076	pose001_2l
5100762	29090511	2	46100223	51007620			
5100771	29090511	3	46100324	51007710		10077	pose001_2l
5100772	29090511	2	46100224	51007720			
5100781	29090511	3	46100325	51007810		10078	pose001_2l
5100782	29090511	2	46100225	51007820			
5100791	29090511	3	46100321	51007910		10079	pose001_2l
5100792	29090511	2	46100221	51007920			
5100801	29090511	3	46100322	51008010		10080	pose001_2l
5100802	29090511	2	46100222	51008020			
5100811	29090511	3	46100323	51008110		10081	pose001_2l
5100812	29090511	2	46100224	51008120			
5100821	29090511	3	46100324	51008210		10082	pose001_2l
5100822	29090511	2	46100225	51008220			
5100831	29090511	3	46100325	51008310		10083	pose001_2l
5100832	29090511	2	46100221	51008320			
5100841	29090511	3	46100321	51008410		10084	pose001_2l
5100842	29090511	2	46100222	51008420			
5100851	29090511	3	46100322	51008510		10085	pose001_2l
5100852	29090511	2	46100223	51008520			
5100861	29090511	3	46100323	51008610		10086	pose001_2l
5100862	29090511	2	46100225	51008620			
5100871	29090511	3	46100324	51008710		10087	pose001_2l
5100872	29090511	2	46100221	51008720			
5100881	29090511	3	46100325	51008810		10088	pose001_2l
5100882	29090511	2	46100222	51008820			
5100891	29090511	3	46100321	51008910		10089	pose001_2l
5100892	29090511	2	46100223	51008920			
5100901	29090511	3	46100322	51009010		10090	pose001_2l
5100902	29090511	2	46100224	51009020			
5100911	29090511	3	46100323	51009110		10091	pose001_2l
5100912	29090511	2	46100221	51009120			
5100921	29090511	3	46100324	51009210		10092	pose001_2l
5100922	29090511	2	46100222	51009220			
5100931	29090511	3	46100325	51009310		10093	pose001_2l
5100932	29090511	2	46100223	51009320			
5100941	29090511	3	46100321	51009410		10094	pose001_2l
5100942	29090511	2	46100224	51009420			
5100951	29090511	3	46100322	51009510		10095	pose001_2l
5100952	29090511	2	46100225	51009520			
5100961	29090511	3	46100323	51009610		10096	pose001_2l
5100962	29090511	2	46100222	51009620			
5100971	29090511	3	46100324	51009710		10097	pose001_2l
5100972	29090511	2	46100223	51009720			
5100981	29090511	3	46100325	51009810		10098	pose001_2l
5100982	29090511	2	46100224	51009820			
5100991	29090511	3	46100321	51009910		10099	pose001_2l
5100992	29090511	2	46100225	51009920			
5101001	29090511	3	46100322	51010010		10100	pose001_2l
5101002	29090511	2	46100221	51010020			
5101011	29090511	3	46100321	51010110		10101	pose001_2l
5101012	29090511	2	46100221	51010120			
5101021	29090511	3	46100322	51010210		10102	pose001_2l
5101022	29090511	2	46100222	51010220			
5101031	29090511	3	46100323	51010310		10103	pose001_2l
5101032	29090511	3	46100323	51010320		10103	pose001_2l
5101033	29090511	3	46100313	51010330	1	10103	pose001_2l
5101041	29090511	3	46100324	51010410		10104	pose001_2l
5101042	29090511	3	46100324	51010420		10104	pose001_2l
5101043	29090511	3	46100314	51010430	1	10104	pose001_2l
5101051	29090511	3	46100325	51010510		10105	pose001_2l
5101052	29090511	3	46100325	51010520		10105	pose001_2l
5101053	29090511	3	46100315	51010530	1	10105	pose001_2l
5101061	29090511	3	46100324	51010610		10106	pose001_2l
5101062	29090511	3	46100324	51010620		10106	pose001_2l
5101063	29090511	3	46100314	51010630	1	10106	pose001_2l
5101071	29090511	3	46100325	51010710		10107	pose001_2l
5101072	29090511	3	46100325	51010720		10107	pose001_2l
5101073	29090511	3	46100315	51010730	1	10107	pose001_2l
5101081	29090511	3	46100321	51010810		10108	pose001_2l
5101082	29090511	3	46100321	51010820		10108	pose001_2l
5101083	29090511	3	46100311	51010830	1	10108	pose001_2l
5101091	29090511	3	46100322	51010910		10109	pose001_2l
5101092	29090511	3	46100322	51010920		10109	pose001_2l
5101093	29090511	3	46100312	51010930	1	10109	pose001_2l
5101101	29090511	3	46100323	51011010		10110	pose001_2l
5101102	29090511	3	46100323	51011020		10110	pose001_2l
5101103	29090511	3	46100313	51011030	1	10110	pose001_2l
5101111	29090511	3	46100323	51011110		10111	pose001_2l
5101112	29090511	3	46100323	51011120		10111	pose001_2l
5101113	29090511	3	46100313	51011130	1	10111	pose001_2l
5101121	29090511	3	46100324	51011210		10112	pose001_2l
5101122	29090511	3	46100324	51011220		10112	pose001_2l
5101123	29090511	3	46100314	51011230	1	10112	pose001_2l
5101131	29090511	3	46100325	51011310		10113	pose001_2l
5101132	29090511	3	46100325	51011320		10113	pose001_2l
5101133	29090511	3	46100315	51011330	1	10113	pose001_2l
5101141	29090511	3	46100321	51011410		10114	pose001_2l
5101142	29090511	3	46100321	51011420		10114	pose001_2l
5101143	29090511	3	46100311	51011430	1	10114	pose001_2l
5101151	29090511	3	46100322	51011510		10115	pose001_2l
5101152	29090511	3	46100322	51011520		10115	pose001_2l
5101153	29090511	3	46100312	51011530	1	10115	pose001_2l
5101161	29090511	3	46100325	51011610		10116	pose001_2l
5101162	29090511	3	46100325	51011620		10116	pose001_2l
5101163	29090511	3	46100315	51011630	1	10116	pose001_2l
5101171	29090511	3	46100321	51011710		10117	pose001_2l
5101172	29090511	3	46100321	51011720		10117	pose001_2l
5101173	29090511	3	46100311	51011730	1	10117	pose001_2l
5101181	29090511	3	46100322	51011810		10118	pose001_2l
5101182	29090511	3	46100322	51011820		10118	pose001_2l
5101183	29090511	3	46100312	51011830	1	10118	pose001_2l
5101191	29090511	3	46100323	51011910		10119	pose001_2l
5101192	29090511	3	46100323	51011920		10119	pose001_2l
5101193	29090511	3	46100313	51011930	1	10119	pose001_2l
5101201	29090511	3	46100324	51012010		10120	pose001_2l
5101202	29090511	3	46100324	51012020		10120	pose001_2l
5101203	29090511	3	46100314	51012030	1	10120	pose001_2l
5101211	29090511	3	46100321	51012110		10121	pose001_2l
5101212	29090511	3	46100321	51012120		10121	pose001_2l
5101213	29090511	3	46100311	51012130	1	10121	pose001_2l
5101221	29090511	3	46100322	51012210		10122	pose001_2l
5101222	29090511	3	46100322	51012220		10122	pose001_2l
5101223	29090511	3	46100312	51012230	1	10122	pose001_2l
5101231	29090511	3	46100323	51012310		10123	pose001_2l
5101232	29090511	3	46100323	51012320		10123	pose001_2l
5101233	29090511	3	46100313	51012330	1	10123	pose001_2l
5101241	29090511	3	46100324	51012410		10124	pose001_2l
5101242	29090511	3	46100324	51012420		10124	pose001_2l
5101243	29090511	3	46100314	51012430	1	10124	pose001_2l
5101251	29090511	3	46100325	51012510		10125	pose001_2l
5101252	29090511	3	46100325	51012520		10125	pose001_2l
5101253	29090511	3	46100315	51012530	1	10125	pose001_2l
5101261	29090511	3	46100323	51012610		10126	pose001_2l
5101262	29090511	3	46100323	51012620		10126	pose001_2l
5101263	29090511	3	46100313	51012630	1	10126	pose001_2l
5101271	29090511	3	46100324	51012710		10127	pose001_2l
5101272	29090511	3	46100324	51012720		10127	pose001_2l
5101273	29090511	3	46100314	51012730	1	10127	pose001_2l
5101281	29090511	3	46100325	51012810		10128	pose001_2l
5101282	29090511	3	46100325	51012820		10128	pose001_2l
5101283	29090511	3	46100315	51012830	1	10128	pose001_2l
5101291	29090511	3	46100321	51012910		10129	pose001_2l
5101292	29090511	3	46100321	51012920		10129	pose001_2l
5101293	29090511	3	46100311	51012930	1	10129	pose001_2l
5101301	29090511	3	46100322	51013010		10130	pose001_2l
5101302	29090511	3	46100322	51013020		10130	pose001_2l
5101303	29090511	3	46100312	51013030	1	10130	pose001_2l
5101311	29090511	3	46100324	51013110		10131	pose001_2l
5101312	29090511	3	46100324	51013120		10131	pose001_2l
5101313	29090511	3	46100314	51013130	1	10131	pose001_2l
5101321	29090511	3	46100325	51013210		10132	pose001_2l
5101322	29090511	3	46100325	51013220		10132	pose001_2l
5101323	29090511	3	46100315	51013230	1	10132	pose001_2l
5101331	29090511	3	46100321	51013310		10133	pose001_2l
5101332	29090511	3	46100321	51013320		10133	pose001_2l
5101333	29090511	3	46100311	51013330	1	10133	pose001_2l
5101341	29090511	3	46100322	51013410		10134	pose001_2l
5101342	29090511	3	46100322	51013420		10134	pose001_2l
5101343	29090511	3	46100312	51013430	1	10134	pose001_2l
5101351	29090511	3	46100323	51013510		10135	pose001_2l
5101352	29090511	3	46100323	51013520		10135	pose001_2l
5101353	29090511	3	46100313	51013530	1	10135	pose001_2l
5101361	29090511	3	46100325	51013610		10136	pose001_2l
5101362	29090511	3	46100325	51013620		10136	pose001_2l
5101363	29090511	3	46100315	51013630	1	10136	pose001_2l
5101371	29090511	3	46100321	51013710		10137	pose001_2l
5101372	29090511	3	46100321	51013720		10137	pose001_2l
5101373	29090511	3	46100311	51013730	1	10137	pose001_2l
5101381	29090511	3	46100322	51013810		10138	pose001_2l
5101382	29090511	3	46100322	51013820		10138	pose001_2l
5101383	29090511	3	46100312	51013830	1	10138	pose001_2l
5101391	29090511	3	46100323	51013910		10139	pose001_2l
5101392	29090511	3	46100323	51013920		10139	pose001_2l
5101393	29090511	3	46100313	51013930	1	10139	pose001_2l
5101401	29090511	3	46100324	51014010		10140	pose001_2l
5101402	29090511	3	46100324	51014020		10140	pose001_2l
5101403	29090511	3	46100314	51014030	1	10140	pose001_2l
5101411	29090511	3	46100322	51014110		10141	pose001_2l
5101412	29090511	3	46100322	51014120		10141	pose001_2l
5101413	29090511	3	46100312	51014130	1	10141	pose001_2l
5101421	29090511	3	46100323	51014210		10142	pose001_2l
5101422	29090511	3	46100323	51014220		10142	pose001_2l
5101423	29090511	3	46100313	51014230	1	10142	pose001_2l
5101431	29090511	3	46100324	51014310		10143	pose001_2l
5101432	29090511	3	46100324	51014320		10143	pose001_2l
5101433	29090511	3	46100314	51014330	1	10143	pose001_2l
5101441	29090511	3	46100325	51014410		10144	pose001_2l
5101442	29090511	3	46100325	51014420		10144	pose001_2l
5101443	29090511	3	46100315	51014430	1	10144	pose001_2l
5101451	29090511	3	46100321	51014510		10145	pose001_2l
5101452	29090511	3	46100321	51014520		10145	pose001_2l
5101453	29090511	3	46100311	51014530	1	10145	pose001_2l
5101461	29090511	3	46100321	51014610		10146	pose001_2l
5101462	29090511	3	46100321	51014620		10146	pose001_2l
5101463	29090511	3	46100311	51014630	1	10146	pose001_2l
5101471	29090511	3	46100322	51014710		10147	pose001_2l
5101472	29090511	3	46100322	51014720		10147	pose001_2l
5101473	29090511	3	46100312	51014730	1	10147	pose001_2l
5101481	29090511	3	46100323	51014810		10148	pose001_2l
5101482	29090511	3	46100323	51014820		10148	pose001_2l
5101483	29090511	3	46100313	51014830	1	10148	pose001_2l
5101491	29090511	3	46100324	51014910		10149	pose001_2l
5101492	29090511	3	46100324	51014920		10149	pose001_2l
5101493	29090511	3	46100314	51014930	1	10149	pose001_2l
5101501	29090511	3	46100325	51015010		10150	pose001_2l
5101502	29090511	3	46100325	51015020		10150	pose001_2l
5101503	29090511	3	46100315	51015030	1	10150	pose001_2l
5101511	29090511	3	46100322	51015110		10151	pose001_2l
5101512	29090511	3	46100322	51015120		10151	pose001_2l
5101513	29090511	3	46100312	51015130	1	10151	pose001_2l
5101521	29090511	3	46100323	51015210		10152	pose001_2l
5101522	29090511	3	46100323	51015220		10152	pose001_2l
5101523	29090511	3	46100313	51015230	1	10152	pose001_2l
5101531	29090511	3	46100324	51015310		10153	pose001_2l
5101532	29090511	3	46100324	51015320		10153	pose001_2l
5101533	29090511	3	46100314	51015330	1	10153	pose001_2l
5101541	29090511	3	46100325	51015410		10154	pose001_2l
5101542	29090511	3	46100325	51015420		10154	pose001_2l
5101543	29090511	3	46100315	51015430	1	10154	pose001_2l
5101551	29090511	3	46100321	51015510		10155	pose001_2l
5101552	29090511	3	46100321	51015520		10155	pose001_2l
5101553	29090511	3	46100311	51015530	1	10155	pose001_2l
5101561	29090511	3	46100324	51015610		10156	pose001_2l
5101562	29090511	3	46100324	51015620		10156	pose001_2l
5101563	29090511	3	46100314	51015630	1	10156	pose001_2l
5101571	29090511	3	46100325	51015710		10157	pose001_2l
5101572	29090511	3	46100325	51015720		10157	pose001_2l
5101573	29090511	3	46100315	51015730	1	10157	pose001_2l
5101581	29090511	3	46100321	51015810		10158	pose001_2l
5101582	29090511	3	46100321	51015820		10158	pose001_2l
5101583	29090511	3	46100311	51015830	1	10158	pose001_2l
5101591	29090511	3	46100322	51015910		10159	pose001_2l
5101592	29090511	3	46100322	51015920		10159	pose001_2l
5101593	29090511	3	46100312	51015930	1	10159	pose001_2l
5101601	29090511	3	46100323	51016010		10160	pose001_2l
5101602	29090511	3	46100323	51016020		10160	pose001_2l
5101603	29090511	3	46100313	51016030	1	10160	pose001_2l
5101611	29090511	3	46100324	51016110		10161	pose001_2l
5101612	29090511	3	46100324	51016120		10161	pose001_2l
5101613	29090511	3	46100314	51016130	1	10161	pose001_2l
5101621	29090511	3	46100325	51016210		10162	pose001_2l
5101622	29090511	3	46100325	51016220		10162	pose001_2l
5101623	29090511	3	46100315	51016230	1	10162	pose001_2l
5101631	29090511	3	46100321	51016310		10163	pose001_2l
5101632	29090511	3	46100321	51016320		10163	pose001_2l
5101633	29090511	3	46100311	51016330	1	10163	pose001_2l
5101641	29090511	3	46100322	51016410		10164	pose001_2l
5101642	29090511	3	46100322	51016420		10164	pose001_2l
5101643	29090511	3	46100312	51016430	1	10164	pose001_2l
5101651	29090511	3	46100323	51016510		10165	pose001_2l
5101652	29090511	3	46100323	51016520		10165	pose001_2l
5101653	29090511	3	46100313	51016530	1	10165	pose001_2l
5101761	29090511	3	46100325	51017610		10176	pose001_2l
5101762	29090511	3	46100325	51017620		10176	pose001_2l
5101763	29090511	3	46100315	51017630	1	10176	pose001_2l
5101771	29090511	3	46100323	51017710		10177	pose001_2l
5101772	29090511	3	46100323	51017720		10177	pose001_2l
5101773	29090511	3	46100313	51017730	1	10177	pose001_2l
5101781	29090511	3	46100324	51017810		10178	pose001_2l
5101782	29090511	3	46100324	51017820		10178	pose001_2l
5101783	29090511	3	46100314	51017830	1	10178	pose001_2l
5101791	29090511	3	46100321	51017910		10179	pose001_2l
5101792	29090511	3	46100321	51017920		10179	pose001_2l
5101793	29090511	3	46100311	51017930	1	10179	pose001_2l
5101801	29090511	3	46100321	51018010		10180	pose001_2l
5101802	29090511	3	46100321	51018020		10180	pose001_2l
5101803	29090511	3	46100311	51018030	1	10180	pose001_2l
5101811	29090511	3	46100321	51018110		10181	pose001_2l
5101812	29090511	3	46100321	51018120		10181	pose001_2l
5101813	29090511	3	46100311	51018130	1	10181	pose001_2l
5101821	29090511	3	46100322	51018210		10182	pose001_2l
5101822	29090511	3	46100322	51018220		10182	pose001_2l
5101823	29090511	3	46100312	51018230	1	10182	pose001_2l
5101911	29090511	3	46100324	51019110		10191	pose001_2l
5101912	29090511	3	46100324	51019120		10191	pose001_2l
5101913	29090511	3	46100314	51019130	1	10191	pose001_2l
5101921	29090511	3	46100321	51019210		10192	pose001_2l
5101922	29090511	3	46100321	51019220		10192	pose001_2l
5101923	29090511	3	46100311	51019230	1	10192	pose001_2l
5101931	29090511	3	46100322	51019310		10193	pose001_2l
5101932	29090511	3	46100322	51019320		10193	pose001_2l
5101933	29090511	3	46100312	51019330	1	10193	pose001_2l
5101941	29090511	3	46100325	51019410		10194	pose001_2l
5101942	29090511	3	46100325	51019420		10194	pose001_2l
5101943	29090511	3	46100315	51019430	1	10194	pose001_2l
5101951	29090511	3	46100324	51019510		10195	pose001_2l
5101952	29090511	3	46100324	51019520		10195	pose001_2l
5101953	29090511	3	46100314	51019530	1	10195	pose001_2l
5101961	29090511	3	46100322	51019610		10196	pose001_2l
5101962	29090511	3	46100322	51019620		10196	pose001_2l
5101963	29090511	3	46100312	51019630	1	10196	pose001_2l
5101971	29090511	3	46100322	51019710		10197	pose001_2l
5101972	29090511	3	46100322	51019720		10197	pose001_2l
5101973	29090511	3	46100312	51019730	1	10197	pose001_2l
5101981	29090511	3	46100325	51019810		10198	pose001_2l
5101982	29090511	3	46100325	51019820		10198	pose001_2l
5101983	29090511	3	46100315	51019830	1	10198	pose001_2l
5101991	29090511	3	46100324	51019910		10199	pose001_2l
5101992	29090511	3	46100324	51019920		10199	pose001_2l
5101993	29090511	3	46100314	51019930	1	10199	pose001_2l
5102001	29090511	3	46100321	51020010		10200	pose001_2l
5102002	29090511	3	46100321	51020020		10200	pose001_2l
5102003	29090511	3	46100311	51020030	1	10200	pose001_2l
6200011	29090511	1	46100115	62000110	1		
6200021	29090511	1	46100111	62000210	1		
6200031	29090511	1	46100114	62000310	1		
6200041	29090511	1	46100113	62000410	1		
6200051	29090511	1	46100113	62000510	1		
6200061	29090511	1	46100114	62000610	1		
6200071	29090511	1	46100115	62000710	1		
6200081	29090511	1	46100112	62000810	1		
6200091	29090511	1	46100111	62000910	1		
6200101	29090511	1	46100114	62001010	1		
6200111	29090511	1	46100111	62001110	1		
6200121	29090511	1	46100111	62001210	1		
6200131	29090511	1	46100114	62001310	1		
6200141	29090511	1	46100114	62001410	1		
6200151	29090511	1	46100111	62001510	1		
6200161	29090511	1	46100112	62001610	1		
6200171	29090511	1	46100113	62001710	1		
6200181	29090511	1	46100112	62001810	1		
6200191	29090511	1	46100113	62001910	1		
6200201	29090511	1	46100114	62002010	1		
6200211	29090511	1	46100115	62002110	1		
6200221	29090511	1	46100111	62002210	1		
6200231	29090511	1	46100115	62002310	1		
6200241	29090511	1	46100113	62002410	1		
6200251	29090511	1	46100115	62002510	1		
6200261	29090511	1	46100111	62002610	1		
6200271	29090511	1	46100112	62002710	1		
6200281	29090511	1	46100112	62002810	1		
6200291	29090511	1	46100111	62002910	1		
6200301	29090511	1	46100111	62003010	1		
6200311	29090511	1	46100114	62003110	1		
6200321	29090511	1	46100115	62003210	1		
6200331	29090511	1	46100112	62003310	1		
6200341	29090511	1	46100113	62003410	1		
6200351	29090511	1	46100115	62003510	1		
6200361	29090511	1	46100112	62003610	1		
6200371	29090511	1	46100112	62003710	1		
6200381	29090511	1	46100114	62003810	1		
6200391	29090511	1	46100115	62003910	1		
6200401	29090511	1	46100114	62004010	1		
6200411	29090511	1	46100113	62004110	1		
6200421	29090511	1	46100114	62004210	1		
6200431	29090511	1	46100115	62004310	1		
6200441	29090511	1	46100113	62004410	1		
6200451	29090511	1	46100111	62004510	1		
6200461	29090511	1	46100112	62004610	1		
6200471	29090511	1	46100111	62004710	1		
6200481	29090511	1	46100113	62004810	1		
6200491	29090511	1	46100112	62004910	1		
6200501	29090511	1	46100115	62005010	1		
6200511	29090511	1	46100113	62005110	1		
6200521	29090511	1	46100115	62005210	1		
6200531	29090511	1	46100114	62005310	1		
6200541	29090511	1	46100113	62005410	1		
6200551	29090511	1	46100112	62005510	1		
6200561	29090511	1	46100114	62005610	1		
6200571	29090511	1	46100112	62005710	1		
6200581	29090511	1	46100115	62005810	1		
6200591	29090511	1	46100111	62005910	1		
6200601	29090511	1	46100113	62006010	1		
6200611	29090511	2	46100211	62006110	1		
6200621	29090511	2	46100212	62006210	1		
6200631	29090511	2	46100213	62006310	1		
6200641	29090511	2	46100214	62006410	1		
6200651	29090511	2	46100215	62006510	1		
6200661	29090511	2	46100215	62006610	1		
6200671	29090511	2	46100214	62006710	1		
6200681	29090511	2	46100212	62006810	1		
6200691	29090511	2	46100213	62006910	1		
6200701	29090511	2	46100214	62007010	1		
6200711	29090511	2	46100213	62007110	1		
6200721	29090511	2	46100214	62007210	1		
6200731	29090511	2	46100213	62007310	1		
6200741	29090511	2	46100211	62007410	1		
6200751	29090511	2	46100211	62007510	1		
6200761	29090511	2	46100211	62007610	1		
6200771	29090511	2	46100211	62007710	1		
6200781	29090511	2	46100213	62007810	1		
6200791	29090511	2	46100215	62007910	1		
6200801	29090511	2	46100215	62008010	1		
6200811	29090511	2	46100215	62008110	1		
6200821	29090511	2	46100212	62008210	1		
6200831	29090511	2	46100214	62008310	1		
6200841	29090511	2	46100213	62008410	1		
6200851	29090511	2	46100213	62008510	1		
6200861	29090511	2	46100211	62008610	1		
6200871	29090511	2	46100211	62008710	1		
6200881	29090511	2	46100213	62008810	1		
6200891	29090511	2	46100212	62008910	1		
6200901	29090511	2	46100212	62009010	1		
6200911	29090511	2	46100212	62009110	1		
6200921	29090511	2	46100214	62009210	1		
6200931	29090511	2	46100215	62009310	1		
6200941	29090511	2	46100212	62009410	1		
6200951	29090511	2	46100215	62009510	1		
6200961	29090511	2	46100214	62009610	1		
6200971	29090511	2	46100214	62009710	1		
6200981	29090511	2	46100213	62009810	1		
6200991	29090511	2	46100211	62009910	1		
6201001	29090511	2	46100212	62010010	1		
6201011	29090511	2	46100215	62010110	1		
6201021	29090511	2	46100214	62010210	1		
6201031	29090511	2	46100215	62010310	1		
6201041	29090511	2	46100212	62010410	1		
6201051	29090511	2	46100211	62010510	1		
6201061	29090511	2	46100211	62010610	1		
6201071	29090511	2	46100215	62010710	1		
6201081	29090511	2	46100212	62010810	1		
6201091	29090511	2	46100213	62010910	1		
6201101	29090511	2	46100214	62011010	1		
6201111	29090511	2	46100211	62011110	1		
6201121	29090511	2	46100212	62011210	1		
6201131	29090511	2	46100213	62011310	1		
6201141	29090511	2	46100215	62011410	1		
6201151	29090511	2	46100214	62011510	1		
6201161	29090511	2	46100214	62011610	1		
6201171	29090511	2	46100215	62011710	1		
6201181	29090511	2	46100211	62011810	1		
6201191	29090511	2	46100213	62011910	1		
6201201	29090511	2	46100212	62012010	1		
6201211	29090511	2	46100211	62012110	1		
6201221	29090511	2	46100214	62012210	1		
6201231	29090511	1	46100112	62012310	1		
6201241	29090511	2	46100213	62012410	1		
6201251	29090511	2	46100215	62012510	1		
6201261	29090511	1	46100112	62012610	1		
6201271	29090511	2	46100214	62012710	1		
6201281	29090511	2	46100212	62012810	1		
6201291	29090511	1	46100113	62012910	1		
6201301	29090511	2	46100215	62013010	1		
6201311	29090511	2	46100211	62013110	1		
6201321	29090511	1	46100115	62013210	1		
6201331	29090511	2	46100212	62013310	1		
6201341	29090511	2	46100215	62013410	1		
6201351	29090511	1	46100113	62013510	1		
6201361	29090511	2	46100211	62013610	1		
6201371	29090511	2	46100214	62013710	1		
6201381	29090511	2	46100211	62013810	1		
6201391	29090511	1	46100115	62013910	1		
7100101	29090511	2	46100221	71001011			
7100201	29090511	1	46100121	71002011			
7100301	29090511	1	46100123	71003011			
7100401	29090511	1	46100123	71004011			
7100501	29090511	1	46100124	71005011			
7100601	29090511	1	46100123	71006011			
7100701	29090511	2	46100225	71007011			
7100801	29090511	2	46100221	71008011			
7100901	29090511	2	46100224	71009011			
7101001	29090511	2	46100222	71010011			
7101101	29090511	2	46100224	71011011			
7101201	29090511	2	46100225	71012011			
7101301	29090511	2	46100221	71013011			
7101401	29090511	2	46100221	71014011			
7101501	29090511	1	46100122	71015011			
7101901	29090511	2	46100221	71019011			
7102001	29090511	1	46100125	71020011			
7102011	29090511	1	46100125	71020111			
7102021	29090511	1	46100125	71020211			
7102031	29090511	1	46100125	71020311			
7102041	29090511	1	46100125	71020411			
7102051	29090511	1	46100125	71020511			
7102061	29090511	1	46100125	71020611			
7102071	29090511	1	46100125	71020711			
7102081	29090511	1	46100125	71020811			
7102091	29090511	1	46100125	71020911			
7102101	29090511	2	46100222	71021011			
7102111	29090511	2	46100222	71021111			
7102121	29090511	2	46100222	71021211			
7102131	29090511	2	46100222	71021311			
7102141	29090511	2	46100222	71021411			
7102151	29090511	2	46100222	71021511			
7102161	29090511	2	46100222	71021611			
7102171	29090511	2	46100222	71021711			
7102181	29090511	2	46100222	71021811			
7102191	29090511	2	46100222	71021911			
7102201	29090511	2	46100223	71022011			
7102211	29090511	2	46100223	71022111			
7102221	29090511	2	46100223	71022211			
7102231	29090511	2	46100223	71022311			
7102241	29090511	2	46100223	71022411			
7102251	29090511	2	46100223	71022511			
7102261	29090511	2	46100223	71022611			
7102271	29090511	2	46100223	71022711			
7102281	29090511	2	46100223	71022811			
7102291	29090511	2	46100223	71022911			
7102301	29090511	1	46100123	71023011			
7102311	29090511	1	46100123	71023111			
7102321	29090511	1	46100123	71023211			
7102331	29090511	1	46100123	71023311			
7102341	29090511	1	46100123	71023411			
7102351	29090511	1	46100123	71023511			
7102361	29090511	1	46100123	71023611			
7102371	29090511	1	46100123	71023711			
7102381	29090511	1	46100123	71023811			
7102391	29090511	1	46100123	71023911			
7102401	29090511	2	46100223	71024011			
7102411	29090511	2	46100223	71024111			
7102421	29090511	2	46100223	71024211			
7102431	29090511	2	46100223	71024311			
7102441	29090511	2	46100223	71024411			
7102451	29090511	2	46100223	71024511			
7102461	29090511	2	46100223	71024611			
7102471	29090511	2	46100223	71024711			
7102481	29090511	2	46100223	71024811			
7102491	29090511	2	46100223	71024911			
7102501	29090511	1	46100123	71025011			
7102511	29090511	1	46100123	71025111			
7102521	29090511	1	46100123	71025211			
7102531	29090511	1	46100123	71025311			
7102541	29090511	1	46100123	71025411			
7102551	29090511	1	46100123	71025511			
7102561	29090511	1	46100123	71025611			
7102571	29090511	1	46100123	71025711			
7102581	29090511	1	46100123	71025811			
7102591	29090511	1	46100123	71025911			
7102601	29090511	1	46100122	71026011			
7102611	29090511	1	46100122	71026111			
7102621	29090511	1	46100122	71026211			
7102631	29090511	1	46100122	71026311			
7102641	29090511	1	46100122	71026411			
7102651	29090511	1	46100122	71026511			
7102661	29090511	1	46100122	71026611			
7102671	29090511	1	46100122	71026711			
7102681	29090511	1	46100122	71026811			
7102691	29090511	1	46100122	71026911			
7102701	29090511	2	46100221	71027011			
7102711	29090511	2	46100221	71027111			
7102721	29090511	2	46100221	71027211			
7102731	29090511	2	46100221	71027311			
7102741	29090511	2	46100221	71027411			
7102751	29090511	2	46100221	71027511			
7102761	29090511	2	46100221	71027611			
7102771	29090511	2	46100221	71027711			
7102781	29090511	2	46100221	71027811			
7102791	29090511	2	46100221	71027911			
7102801	29090511	2	46100221	71028011			
7102811	29090511	2	46100221	71028111			
7102821	29090511	2	46100221	71028211			
7102831	29090511	2	46100221	71028311			
7102841	29090511	2	46100221	71028411			
7102851	29090511	2	46100221	71028511			
7102861	29090511	2	46100221	71028611			
7102871	29090511	2	46100221	71028711			
7102881	29090511	2	46100221	71028811			
7102891	29090511	2	46100221	71028911			
7102901	29090511	2	46100221	71029011			
7102911	29090511	2	46100221	71029111			
7102921	29090511	2	46100221	71029211			
7102931	29090511	2	46100221	71029311			
7102941	29090511	2	46100221	71029411			
7102951	29090511	2	46100221	71029511			
7102961	29090511	2	46100221	71029611			
7102971	29090511	2	46100221	71029711			
7102981	29090511	2	46100221	71029811			
7102991	29090511	2	46100221	71029911			
7103001	29090511	2	46100225	71030011			
7103011	29090511	2	46100225	71030111			
7103021	29090511	2	46100225	71030211			
7103031	29090511	2	46100225	71030311			
7103041	29090511	2	46100225	71030411			
7103051	29090511	2	46100225	71030511			
7103061	29090511	2	46100225	71030611			
7103071	29090511	2	46100225	71030711			
7103081	29090511	2	46100225	71030811			
7103091	29090511	2	46100225	71030911			
7103101	29090511	1	46100121	71031011			
7103111	29090511	1	46100121	71031111			
7103121	29090511	1	46100121	71031211			
7103131	29090511	1	46100121	71031311			
7103141	29090511	1	46100121	71031411			
7103151	29090511	1	46100121	71031511			
7103161	29090511	1	46100121	71031611			
7103171	29090511	1	46100121	71031711			
7103181	29090511	1	46100121	71031811			
7103191	29090511	1	46100121	71031911			
7103201	29090511	2	46100222	71032011			
7103211	29090511	2	46100222	71032111			
7103221	29090511	2	46100222	71032211			
7103231	29090511	2	46100222	71032311			
7103241	29090511	2	46100222	71032411			
7103251	29090511	2	46100222	71032511			
7103261	29090511	2	46100222	71032611			
7103271	29090511	2	46100222	71032711			
7103281	29090511	2	46100222	71032811			
7103291	29090511	2	46100222	71032911			
7103301	29090511	2	46100222	71033011			
7103311	29090511	2	46100222	71033111			
7103321	29090511	2	46100222	71033211			
7103331	29090511	2	46100222	71033311			
7103341	29090511	2	46100222	71033411			
7103351	29090511	2	46100222	71033511			
7103361	29090511	2	46100222	71033611			
7103371	29090511	2	46100222	71033711			
7103381	29090511	2	46100222	71033811			
7103391	29090511	2	46100222	71033911			
7103401	29090511	2	46100222	71034011			
7103411	29090511	2	46100222	71034111			
7103421	29090511	2	46100222	71034211			
7103431	29090511	2	46100222	71034311			
7103441	29090511	2	46100222	71034411			
7103451	29090511	2	46100222	71034511			
7103461	29090511	2	46100222	71034611			
7103471	29090511	2	46100222	71034711			
7103481	29090511	2	46100222	71034811			
7103491	29090511	2	46100222	71034911			
7103501	29090511	2	46100223	71035011			
7103511	29090511	2	46100223	71035111			
7103521	29090511	2	46100223	71035211			
7103531	29090511	2	46100223	71035311			
7103541	29090511	2	46100223	71035411			
7103551	29090511	2	46100223	71035511			
7103561	29090511	2	46100223	71035611			
7103571	29090511	2	46100223	71035711			
7103581	29090511	2	46100223	71035811			
7103591	29090511	2	46100223	71035911			
7103601	29090511	2	46100225	71036011			
7103611	29090511	2	46100225	71036111			
7103621	29090511	2	46100225	71036211			
7103631	29090511	2	46100225	71036311			
7103641	29090511	2	46100225	71036411			
7103651	29090511	2	46100225	71036511			
7103661	29090511	2	46100225	71036611			
7103671	29090511	2	46100225	71036711			
7103681	29090511	2	46100225	71036811			
7103691	29090511	2	46100225	71036911			
7103701	29090511	2	46100224	71037011			
7103711	29090511	2	46100224	71037111			
7103721	29090511	2	46100224	71037211			
7103731	29090511	2	46100224	71037311			
7103741	29090511	2	46100224	71037411			
7103751	29090511	2	46100224	71037511			
7103761	29090511	2	46100224	71037611			
7103771	29090511	2	46100224	71037711			
7103781	29090511	2	46100224	71037811			
7103791	29090511	2	46100224	71037911			
7103801	29090511	2	46100223	71038011			
7103811	29090511	2	46100223	71038111			
7103821	29090511	2	46100223	71038211			
7103831	29090511	2	46100223	71038311			
7103841	29090511	2	46100223	71038411			
7103851	29090511	2	46100223	71038511			
7103861	29090511	2	46100223	71038611			
7103871	29090511	2	46100223	71038711			
7103881	29090511	2	46100223	71038811			
7103891	29090511	2	46100223	71038911			
7103901	29090511	2	46100222	71039011			
7103911	29090511	2	46100222	71039111			
7103921	29090511	2	46100222	71039211			
7103931	29090511	2	46100222	71039311			
7103941	29090511	2	46100222	71039411			
7103951	29090511	2	46100222	71039511			
7103961	29090511	2	46100222	71039611			
7103971	29090511	2	46100222	71039711			
7103981	29090511	2	46100222	71039811			
7103991	29090511	2	46100222	71039911			
7104001	29090511	2	46100225	71040011			
7104011	29090511	2	46100225	71040111			
7104021	29090511	2	46100225	71040211			
7104031	29090511	2	46100225	71040311			
7104041	29090511	2	46100225	71040411			
7104051	29090511	2	46100225	71040511			
7104061	29090511	2	46100225	71040611			
7104071	29090511	2	46100225	71040711			
7104081	29090511	2	46100225	71040811			
7104091	29090511	2	46100225	71040911			
7104101	29090511	1	46100123	71041011			
7104111	29090511	1	46100123	71041111			
7104121	29090511	1	46100123	71041211			
7104131	29090511	1	46100123	71041311			
7104141	29090511	1	46100123	71041411			
7104151	29090511	1	46100123	71041511			
7104161	29090511	1	46100123	71041611			
7104171	29090511	1	46100123	71041711			
7104181	29090511	1	46100123	71041811			
7104191	29090511	1	46100123	71041911			
7104201	29090511	1	46100121	71042011			
7104211	29090511	1	46100121	71042111			
7104221	29090511	1	46100121	71042211			
7104231	29090511	1	46100121	71042311			
7104241	29090511	1	46100121	71042411			
7104251	29090511	1	46100121	71042511			
7104261	29090511	1	46100121	71042611			
7104271	29090511	1	46100121	71042711			
7104281	29090511	1	46100121	71042811			
7104291	29090511	1	46100121	71042911			
7104301	29090511	1	46100125	71043011			
7104311	29090511	1	46100125	71043111			
7104321	29090511	1	46100125	71043211			
7104331	29090511	1	46100125	71043311			
7104341	29090511	1	46100125	71043411			
7104351	29090511	1	46100125	71043511			
7104361	29090511	1	46100125	71043611			
7104371	29090511	1	46100125	71043711			
7104381	29090511	1	46100125	71043811			
7104391	29090511	1	46100125	71043911			
7104401	29090511	2	46100221	71044011			
7104411	29090511	2	46100221	71044111			
7104421	29090511	2	46100221	71044211			
7104431	29090511	2	46100221	71044311			
7104441	29090511	2	46100221	71044411			
7104451	29090511	2	46100221	71044511			
7104461	29090511	2	46100221	71044611			
7104471	29090511	2	46100221	71044711			
7104481	29090511	2	46100221	71044811			
7104491	29090511	2	46100221	71044911			
7104501	29090511	1	46100121	71045011			
7104601	29090511	2	46100222	71046011			
7104611	29090511	2	46100222	71046111			
7104701	29090511	2	46100222	71047011			
7200101	29090511	2	46100223	72001011			
7200201	29090511	2	46100223	72002011			
7200301	29090511	1	46100123	72003011			
7200401	29090511	1	46100122	72004011			
7200501	29090511	1	46100125	72005011			
7200601	29090511	2	46100222	72006011			
7200701	29090511	2	46100223	72007011			
7200801	29090511	1	46100122	72008011			
7200901	29090511	1	46100122	72009011			
7201001	29090511	2	46100221	72010011			
7201101	29090511	2	46100223	72011011			
7201201	29090511	2	46100223	72012011			
7201301	29090511	1	46100122	72013011			
7201311	29090511	1	46100122	72013111			
7201321	29090511	1	46100122	72013211			
7201331	29090511	1	46100122	72013311			
7201341	29090511	1	46100122	72013411			
7201351	29090511	1	46100122	72013511			
7201361	29090511	1	46100122	72013611			
7201371	29090511	1	46100122	72013711			
7201381	29090511	1	46100122	72013811			
7201391	29090511	1	46100122	72013911			
7201401	29090511	1	46100123	72014011			
7201411	29090511	1	46100123	72014111			
7201421	29090511	1	46100123	72014211			
7201431	29090511	1	46100123	72014311			
7201441	29090511	1	46100123	72014411			
7201451	29090511	1	46100123	72014511			
7201461	29090511	1	46100123	72014611			
7201471	29090511	1	46100123	72014711			
7201481	29090511	1	46100123	72014811			
7201491	29090511	1	46100123	72014911			
7201501	29090511	1	46100125	72015011			
7201511	29090511	1	46100125	72015111			
7201521	29090511	1	46100125	72015211			
7201531	29090511	1	46100125	72015311			
7201541	29090511	1	46100125	72015411			
7201551	29090511	1	46100125	72015511			
7201561	29090511	1	46100125	72015611			
7201571	29090511	1	46100125	72015711			
7201581	29090511	1	46100125	72015811			
7201591	29090511	1	46100125	72015911			
7201601	29090511	1	46100123	72016011			
7201611	29090511	1	46100123	72016111			
7201621	29090511	1	46100123	72016211			
7201631	29090511	1	46100123	72016311			
7201641	29090511	1	46100123	72016411			
7201651	29090511	1	46100123	72016511			
7201661	29090511	1	46100123	72016611			
7201671	29090511	1	46100123	72016711			
7201681	29090511	1	46100123	72016811			
7201691	29090511	1	46100123	72016911			
7201701	29090511	1	46100121	72017011			
7201711	29090511	1	46100121	72017111			
7201721	29090511	1	46100121	72017211			
7201731	29090511	1	46100121	72017311			
7201741	29090511	1	46100121	72017411			
7201751	29090511	1	46100121	72017511			
7201761	29090511	1	46100121	72017611			
7201771	29090511	1	46100121	72017711			
7201781	29090511	1	46100121	72017811			
7201791	29090511	1	46100121	72017911			
7201801	29090511	1	46100124	72018011			
7201811	29090511	1	46100124	72018111			
7201821	29090511	1	46100124	72018211			
7201831	29090511	1	46100124	72018311			
7201841	29090511	1	46100124	72018411			
7201851	29090511	1	46100124	72018511			
7201861	29090511	1	46100124	72018611			
7201871	29090511	1	46100124	72018711			
7201881	29090511	1	46100124	72018811			
7201891	29090511	1	46100124	72018911			
7201901	29090511	1	46100125	72019011			
7201911	29090511	1	46100125	72019111			
7201921	29090511	1	46100125	72019211			
7201931	29090511	1	46100125	72019311			
7201941	29090511	1	46100125	72019411			
7201951	29090511	1	46100125	72019511			
7201961	29090511	1	46100125	72019611			
7201971	29090511	1	46100125	72019711			
7201981	29090511	1	46100125	72019811			
7201991	29090511	1	46100125	72019911			
7202001	29090511	2	46100224	72020011			
7202011	29090511	2	46100224	72020111			
7202021	29090511	2	46100224	72020211			
7202031	29090511	2	46100224	72020311			
7202041	29090511	2	46100224	72020411			
7202051	29090511	2	46100224	72020511			
7202061	29090511	2	46100224	72020611			
7202071	29090511	2	46100224	72020711			
7202081	29090511	2	46100224	72020811			
7202091	29090511	2	46100224	72020911			
7202101	29090511	2	46100223	72021011			
7202111	29090511	2	46100223	72021111			
7202121	29090511	2	46100223	72021211			
7202131	29090511	2	46100223	72021311			
7202141	29090511	2	46100223	72021411			
7202151	29090511	2	46100223	72021511			
7202161	29090511	2	46100223	72021611			
7202171	29090511	2	46100223	72021711			
7202181	29090511	2	46100223	72021811			
7202191	29090511	2	46100223	72021911			
7202201	29090511	2	46100223	72022011			
7202211	29090511	2	46100223	72022111			
7202221	29090511	2	46100223	72022211			
7202231	29090511	2	46100223	72022311			
7202241	29090511	2	46100223	72022411			
7202251	29090511	2	46100223	72022511			
7202261	29090511	2	46100223	72022611			
7202271	29090511	2	46100223	72022711			
7202281	29090511	2	46100223	72022811			
7202291	29090511	2	46100223	72022911			
7202301	29090511	2	46100221	72023011			
7202311	29090511	2	46100221	72023111			
7202321	29090511	2	46100221	72023211			
7202331	29090511	2	46100221	72023311			
7202341	29090511	2	46100221	72023411			
7202351	29090511	2	46100221	72023511			
7202361	29090511	2	46100221	72023611			
7202371	29090511	2	46100221	72023711			
7202381	29090511	2	46100221	72023811			
7202391	29090511	2	46100221	72023911			
7203101	29090511	2	46100222	72031011			
7203111	29090511	2	46100222	72031111			
7203201	29090511	2	46100224	72032011			
7203211	29090511	2	46100224	72032111			
7300101	29090511	2	46100223	73001011			
7300201	29090511	1	46100122	73002011			
7300301	29090511	1	46100125	73003011			
7300401	29090511	1	46100121	73004011			
7300501	29090511	2	46100221	73005011			
7300601	29090511	2	46100221	73006011			
7300701	29090511	2	46100221	73007011			
7300801	29090511	2	46100222	73008011			
7300901	29090511	2	46100224	73009011			
7301001	29090511	2	46100225	73010011			
7301011	29090511	2	46100225	73010111			
7301021	29090511	2	46100225	73010211			
7301031	29090511	2	46100225	73010311			
7301041	29090511	2	46100225	73010411			
7301051	29090511	2	46100225	73010511			
7301061	29090511	2	46100225	73010611			
7301071	29090511	2	46100225	73010711			
7301081	29090511	2	46100225	73010811			
7301091	29090511	2	46100225	73010911			
7301101	29090511	1	46100125	73011011			
7301201	29090511	1	46100121	73012011			
7301291	29090511	1	46100121	73012911			
7301301	29090511	2	46100221	73013011			
7301311	29090511	2	46100221	73013111			
7301321	29090511	2	46100221	73013211			
7301331	29090511	2	46100221	73013311			
7301341	29090511	2	46100221	73013411			
7301351	29090511	2	46100221	73013511			
7301361	29090511	2	46100221	73013611			
7301371	29090511	2	46100221	73013711			
7301381	29090511	2	46100221	73013811			
7301391	29090511	2	46100221	73013911			
7301401	29090511	2	46100224	73014011			
7301411	29090511	2	46100224	73014111			
7301421	29090511	2	46100224	73014211			
7301431	29090511	2	46100224	73014311			
7301441	29090511	2	46100224	73014411			
7301451	29090511	2	46100224	73014511			
7301501	29090511	2	46100225	73015011			
7301601	29090511	1	46100121	73016011			
7301701	29090511	2	46100224	73017011			
7301801	29090511	2	46100224	73018011			
7302101	29090511	2	46100224	73021011			
7302111	29090511	2	46100224	73021111			
7400101	29090511	2	46100224	74001011			
7400201	29090511	2	46100224	74002011			
7400501	29090511	1	46100124	74005011			
7400601	29090511	1	46100124	74006011			
7400611	29090511	1	46100124	74006111			
7400621	29090511	1	46100124	74006211			
7400631	29090511	1	46100124	74006311			
7400641	29090511	1	46100124	74006411			
7400651	29090511	1	46100124	74006511			
7400661	29090511	1	46100124	74006611			
7400671	29090511	1	46100124	74006711			
7400681	29090511	1	46100124	74006811			
7400691	29090511	1	46100124	74006911			
7400701	29090511	2	46100224	74007011			
7400801	29090511	1	46100122	74008011			
7400901	29090511	2	46100224	74009011			
7401001	29090511	2	46100224	74010011			
7401101	29090511	2	46100224	74011011			
7401201	29090511	1	46100124	74012011			
7401301	29090511	2	46100224	74013011			
7401401	29090511	2	46100224	74014011			
7401501	29090511	1	46100124	74015011			
7401601	29090511	1	46100124	74016011			
7401701	29090511	1	46100125	74017011			
7401791	29090511	1	46100125	74017911			
7401801	29090511	1	46100124	74018011			
7401901	29090511	1	46100124	74019011			
7402001	29090511	2	46100221	74020011			
7402101	29090511	1	46100122	74021011			
7402201	29090511	1	46100122	74022011			
7402301	29090511	2	46100221	74023011			
7402311	29090511	2	46100221	74023111			
7402321	29090511	2	46100221	74023211			
7402331	29090511	2	46100221	74023311			
7402341	29090511	2	46100221	74023411			
7402351	29090511	2	46100221	74023511			
7402401	29090511	2	46100221	74024011			
7402411	29090511	2	46100221	74024111			
7402421	29090511	2	46100221	74024211			
7402431	29090511	2	46100221	74024311			
7402441	29090511	2	46100221	74024411			
7402451	29090511	2	46100221	74024511			
7402501	29090511	1	46100121	74025011			
7402511	29090511	1	46100121	74025111			
7402521	29090511	1	46100121	74025211			
7402531	29090511	1	46100121	74025311			
7402541	29090511	1	46100121	74025411			
7402551	29090511	1	46100121	74025511			
7402601	29090511	1	46100124	74026011			
7402701	29090511	1	46100124	74027011			
7402801	29090511	2	46100224	74028011			
7403001	29090511	2	46100224	74030011			
7403101	29090511	2	46100224	74031011			
7403201	29090511	2	46100224	74032011			
7403301	29090511	1	46100124	74033011			
7403401	29090511	1	46100122	74034011			
7403501	29090511	2	46100224	74035011			
7403601	29090511	2	46100224	74036011			
7403701	29090511	2	46100224	74037011			
7403801	29090511	1	46100122	74038011			
7403901	29090511	2	46100224	74039011			
7404001	29090511	2	46100224	74040011			
7404101	29090511	2	46100224	74041011			
7404201	29090511	2	46100224	74042011			
7404301	29090511	1	46100124	74043011			
7404401	29090511	2	46100225	74044011			
7404501	29090511	2	46100225	74045011			
7404511	29090511	2	46100225	74045111			
7404521	29090511	2	46100225	74045211			
7404531	29090511	2	46100225	74045311			
7404541	29090511	2	46100225	74045411			
7404551	29090511	2	46100225	74045511			
7404601	29090511	1	46100125	74046011			
7404611	29090511	1	46100125	74046111			
7404621	29090511	1	46100125	74046211			
7404631	29090511	1	46100125	74046311			
7404641	29090511	1	46100125	74046411			
7404651	29090511	1	46100125	74046511			
7404801	29090511	1	46100121	74048011			
7404901	29090511	1	46100122	74049011			
7404911	29090511	1	46100122	74049111			
7404921	29090511	1	46100122	74049211			
7404931	29090511	1	46100122	74049311			
7404941	29090511	1	46100122	74049411			
7404951	29090511	1	46100122	74049511			
7405101	29090511	2	46100224	74051011			
7405201	29090511	1	46100124	74052011			
7405211	29090511	1	46100124	74052111			
7405221	29090511	1	46100124	74052211			
7405231	29090511	1	46100124	74052311			
7405241	29090511	1	46100124	74052411			
7405251	29090511	1	46100124	74052511			
7405301	29090511	1	46100122	74053011			
7405311	29090511	1	46100122	74053111			
7405321	29090511	1	46100122	74053211			
7405331	29090511	1	46100122	74053311			
7405341	29090511	1	46100122	74053411			
7405351	29090511	1	46100122	74053511			
7405401	29090511	1	46100121	74054011			
7405411	29090511	1	46100121	74054111			
7405421	29090511	1	46100121	74054211			
7405431	29090511	1	46100121	74054311			
7405441	29090511	1	46100121	74054411			
7405451	29090511	1	46100121	74054511			
7405501	29090511	1	46100124	74055011			
7405601	29090511	1	46100124	74056011			
7500101	29090511	2	46100221	75001011			
7500201	29090511	1	46100125	75002011			
7500301	29090511	2	46100221	75003011			
7500401	29090511	2	46100221	75004011			
7500501	29090511	1	46100125	75005011			
7500601	29090511	1	46100124	75006011			
7501201	29090511	2	46100224	75012011			
7501301	29090511	2	46100223	75013011			
7501311	29090511	2	46100223	75013111			
7501321	29090511	2	46100223	75013211			
7501331	29090511	2	46100223	75013311			
7501341	29090511	2	46100223	75013411			
7501351	29090511	2	46100223	75013511			
7501401	29090511	2	46100225	75014011			
7501411	29090511	2	46100225	75014111			
7501421	29090511	2	46100225	75014211			
7501431	29090511	2	46100225	75014311			
7501441	29090511	2	46100225	75014411			
7501451	29090511	2	46100225	75014511			
7501501	29090511	1	46100125	75015011			
7501511	29090511	1	46100125	75015111			
7501521	29090511	1	46100125	75015211			
7501531	29090511	1	46100125	75015311			
7501541	29090511	1	46100125	75015411			
7501551	29090511	1	46100125	75015511			
7501601	29090511	2	46100223	75016011			
7501611	29090511	2	46100223	75016111			
7501621	29090511	2	46100223	75016211			
7501631	29090511	2	46100223	75016311			
7501641	29090511	2	46100223	75016411			
7501651	29090511	2	46100223	75016511			
7501701	29090511	1	46100123	75017011			
7501711	29090511	1	46100123	75017111			
7501721	29090511	1	46100123	75017211			
7501731	29090511	1	46100123	75017311			
7501741	29090511	1	46100123	75017411			
7501751	29090511	1	46100123	75017511			
7501801	29090511	2	46100222	75018011			
7501811	29090511	2	46100222	75018111			
7501821	29090511	2	46100222	75018211			
7501831	29090511	2	46100222	75018311			
7501841	29090511	2	46100222	75018411			
7501851	29090511	2	46100222	75018511			
7501901	29090511	2	46100224	75019011			
7501911	29090511	2	46100224	75019111			
7501921	29090511	2	46100224	75019211			
7501931	29090511	2	46100224	75019311			
7501941	29090511	2	46100224	75019411			
7501951	29090511	2	46100224	75019511			
7502001	29090511	2	46100224	75020011			
7502011	29090511	2	46100224	75020111			
7600101	29090511	2	46100224	76001011			
7600201	29090511	2	46100224	76002011			
7600301	29090511	2	46100224	76003011			
7600401	29090511	2	46100224	76004011			
7600501	29090511	2	46100222	76005011			
7600601	29090511	2	46100224	76006011			
7600701	29090511	2	46100224	76007011			
7600801	29090511	1	46100124	76008011			
7600901	29090511	2	46100224	76009011			
7601001	29090511	2	46100224	76010011			
7601101	29090511	1	46100124	76011011			
7601201	29090511	1	46100121	76012011			
7700101	29090511	2	46100224	77001011			
7700201	29090511	1	46100122	77002011			
7700301	29090511	2	46100222	77003011			
7700401	29090511	2	46100224	77004011			
7700501	29090511	2	46100222	77005011			
7700601	29090511	1	46100125	77006011			
7700701	29090511	2	46100224	77007011			
7700801	29090511	2	46100224	77008011			
7700901	29090511	1	46100124	77009011			
7701001	29090511	2	46100224	77010011			
7701101	29090511	2	46100224	77011011			
7701201	29090511	2	46100222	77012011			
7701301	29090511	2	46100224	77013011			
7701401	29090511	1	46100121	77014011			
7701501	29090511	2	46100221	77015011			
7701601	29090511	1	46100122	77016011			
7701701	29090511	2	46100222	77017011			
7701801	29090511	2	46100221	77018011			
7800101	29090511	1	46100121	78001011			
7800201	29090511	1	46100125	78002011			
7800301	29090511	1	46100121	78003011			
7800501	29090511	2	46100223	78005011			
7800511	29090511	2	46100223	78005111			
7800521	29090511	2	46100223	78005211			
7800531	29090511	2	46100223	78005311			
7800541	29090511	2	46100223	78005411			
7800551	29090511	2	46100223	78005511			
7800561	29090511	2	46100223	78005611			
7800571	29090511	2	46100223	78005711			
7800581	29090511	2	46100223	78005811			
7800591	29090511	2	46100223	78005911			
7800601	29090511	2	46100223	78006011			
7800611	29090511	2	46100223	78006111			
7800621	29090511	2	46100223	78006211			
7800631	29090511	2	46100223	78006311			
7800641	29090511	2	46100223	78006411			
7800651	29090511	2	46100223	78006511			
7800661	29090511	2	46100223	78006611			
7800671	29090511	2	46100223	78006711			
7800681	29090511	2	46100223	78006811			
7800691	29090511	2	46100223	78006911			
7800701	29090511	2	46100223	78007011			
7800711	29090511	2	46100223	78007111			
7800721	29090511	2	46100223	78007211			
7800731	29090511	2	46100223	78007311			
7800741	29090511	2	46100223	78007411			
7800751	29090511	2	46100223	78007511			
7800761	29090511	2	46100223	78007611			
7800771	29090511	2	46100223	78007711			
7800781	29090511	2	46100223	78007811			
7800791	29090511	2	46100223	78007911			
7800801	29090511	2	46100225	78008011			
7800811	29090511	2	46100225	78008111			
7800821	29090511	2	46100225	78008211			
7800831	29090511	2	46100225	78008311			
7800841	29090511	2	46100225	78008411			
7800851	29090511	2	46100225	78008511			
7800861	29090511	2	46100225	78008611			
7800871	29090511	2	46100225	78008711			
7800881	29090511	2	46100225	78008811			
7800891	29090511	2	46100225	78008911			
7800901	29090511	2	46100222	78009011			
7800911	29090511	2	46100222	78009111			
7800921	29090511	2	46100222	78009211			
7800931	29090511	2	46100222	78009311			
7800941	29090511	2	46100222	78009411			
7800951	29090511	2	46100222	78009511			
7800961	29090511	2	46100222	78009611			
7800971	29090511	2	46100222	78009711			
7800981	29090511	2	46100222	78009811			
7800991	29090511	2	46100222	78009911			
7801001	29090511	2	46100222	78010011			
7801011	29090511	2	46100222	78010111			
7801021	29090511	2	46100222	78010211			
7801031	29090511	2	46100222	78010311			
7801041	29090511	2	46100222	78010411			
7801051	29090511	2	46100222	78010511			
7801061	29090511	2	46100222	78010611			
7801071	29090511	2	46100222	78010711			
7801081	29090511	2	46100222	78010811			
7801091	29090511	2	46100222	78010911			
7801101	29090511	1	46100122	78011011			
7801111	29090511	1	46100122	78011111			
7801121	29090511	1	46100122	78011211			
7801131	29090511	1	46100122	78011311			
7801141	29090511	1	46100122	78011411			
7801151	29090511	1	46100122	78011511			
7801161	29090511	1	46100122	78011611			
7801171	29090511	1	46100122	78011711			
7801181	29090511	1	46100122	78011811			
7801191	29090511	1	46100122	78011911			
7801201	29090511	2	46100225	78012011			
7801211	29090511	2	46100225	78012111			
7801221	29090511	2	46100225	78012211			
7801231	29090511	2	46100225	78012311			
7801241	29090511	2	46100225	78012411			
7801251	29090511	2	46100225	78012511			
7801261	29090511	2	46100225	78012611			
7801271	29090511	2	46100225	78012711			
7801281	29090511	2	46100225	78012811			
7801291	29090511	2	46100225	78012911			
7801401	29090511	2	46100224	78014011			
7850001	29090511	1	46100123	78500011			
7850011	29090511	1	46100123	78500111			
7850021	29090511	1	46100123	78500211			
7850031	29090511	1	46100123	78500311			
7850041	29090511	1	46100123	78500411			
7850051	29090511	1	46100123	78500511			
7850061	29090511	1	46100123	78500611			
7850071	29090511	1	46100123	78500711			
7850081	29090511	1	46100123	78500811			
7850091	29090511	1	46100123	78500911			
7850101	29090511	1	46100121	78501011			
7850111	29090511	1	46100121	78501111			
7850121	29090511	1	46100121	78501211			
7850131	29090511	1	46100121	78501311			
7850141	29090511	1	46100121	78501411			
7850151	29090511	1	46100121	78501511			
7850161	29090511	1	46100121	78501611			
7850171	29090511	1	46100121	78501711			
7850181	29090511	1	46100121	78501811			
7850191	29090511	1	46100121	78501911			
7850201	29090511	2	46100225	78502011			
7850301	29090511	2	46100225	78503011			
7850701	29090511	2	46100223	78507011			
7850711	29090511	2	46100223	78507111			
7900101	29090511	2	46100222	79001011			
7900201	29090511	1	46100123	79002011			
7900301	29090511	1	46100122	79003011			
7900401	29090511	1	46100125	79004011			
7900501	29090511	1	46100125	79005011			
7900601	29090511	1	46100122	79006011			
7900701	29090511	2	46100222	79007011			
7900801	29090511	1	46100124	79008011			
7900901	29090511	1	46100124	79009011			
7901001	29090511	2	46100221	79010011			
7901101	29090511	1	46100124	79011011			
7901201	29090511	1	46100124	79012011			
7901301	29090511	1	46100125	79013011			
7901401	29090511	2	46100222	79014011			
7901501	29090511	2	46100223	79015011			
7901601	29090511	2	46100223	79016011			
7901701	29090511	1	46100121	79017011			
7901801	29090511	1	46100121	79018011			
7901901	29090511	2	46100222	79019011			
7902001	29090511	2	46100222	79020011			
7902101	29090511	1	46100124	79021011			
7902201	29090511	2	46100221	79022011			
7902301	29090511	2	46100221	79023011			
7902401	29090511	2	46100225	79024011			
7902501	29090511	2	46100225	79025011			
7902601	29090511	2	46100221	79026011			
7902701	29090511	2	46100222	79027011			
7902801	29090511	2	46100221	79028011			
7902901	29090511	2	46100221	79029011			
7903001	29090511	2	46100221	79030011			
7903101	29090511	2	46100221	79031011			
7903201	29090511	1	46100124	79032011			
7903301	29090511	2	46100223	79033011			
7903401	29090511	1	46100121	79034011			
7903501	29090511	1	46100123	79035011			
7903601	29090511	1	46100123	79036011			
7903701	29090511	1	46100123	79037011			
7903801	29090511	1	46100124	79038011			
7903901	29090511	1	46100124	79039011			
7904001	29090511	2	46100223	79040011			
7904101	29090511	2	46100225	79041011			
7904201	29090511	1	46100121	79042011			
7904301	29090511	1	46100121	79043011			
7904401	29090511	1	46100122	79044011			
7904501	29090511	1	46100122	79045011			
7904601	29090511	2	46100221	79046011			
7907201	29090511	2	46100222	79072011			
7907301	29090511	1	46100122	79073011			
7907311	29090511	1	46100122	79073111			
7907321	29090511	1	46100122	79073211			
7907331	29090511	1	46100122	79073311			
7907341	29090511	1	46100122	79073411			
7907351	29090511	1	46100122	79073511			
7907361	29090511	1	46100122	79073611			
7907371	29090511	1	46100122	79073711			
7907381	29090511	1	46100122	79073811			
7907391	29090511	1	46100122	79073911			
7907501	29090511	1	46100121	79075011			
7907511	29090511	1	46100121	79075111			
7907521	29090511	1	46100121	79075211			
7907531	29090511	1	46100121	79075311			
7907541	29090511	1	46100121	79075411			
7907551	29090511	1	46100121	79075511			
7907561	29090511	1	46100121	79075611			
7907571	29090511	1	46100121	79075711			
7907581	29090511	1	46100121	79075811			
7907591	29090511	1	46100121	79075911			
7907601	29090511	1	46100122	79076011			
7907611	29090511	1	46100122	79076111			
7907621	29090511	1	46100122	79076211			
7907631	29090511	1	46100122	79076311			
7907641	29090511	1	46100122	79076411			
7907651	29090511	1	46100122	79076511			
7907661	29090511	1	46100122	79076611			
7907671	29090511	1	46100122	79076711			
7907681	29090511	1	46100122	79076811			
7907691	29090511	1	46100122	79076911			
7907701	29090511	2	46100222	79077011			
7907711	29090511	2	46100222	79077111			
7907721	29090511	2	46100222	79077211			
7907731	29090511	2	46100222	79077311			
7907741	29090511	2	46100222	79077411			
7907751	29090511	2	46100222	79077511			
7907761	29090511	2	46100222	79077611			
7907771	29090511	2	46100222	79077711			
7907781	29090511	2	46100222	79077811			
7907791	29090511	2	46100222	79077911			
7907801	29090511	2	46100225	79078011			
7907811	29090511	2	46100225	79078111			
7907821	29090511	2	46100225	79078211			
7907831	29090511	2	46100225	79078311			
7907841	29090511	2	46100225	79078411			
7907851	29090511	2	46100225	79078511			
7907861	29090511	2	46100225	79078611			
7907871	29090511	2	46100225	79078711			
7907881	29090511	2	46100225	79078811			
7907891	29090511	2	46100225	79078911			
7907901	29090511	2	46100224	79079011			
7907911	29090511	2	46100224	79079111			
7907921	29090511	2	46100224	79079211			
7907931	29090511	2	46100224	79079311			
7907941	29090511	2	46100224	79079411			
7907951	29090511	2	46100224	79079511			
7907961	29090511	2	46100224	79079611			
7907971	29090511	2	46100224	79079711			
7907981	29090511	2	46100224	79079811			
7907991	29090511	2	46100224	79079911			
7908001	29090511	1	46100124	79080011			
7908011	29090511	1	46100124	79080111			
7908021	29090511	1	46100124	79080211			
7908031	29090511	1	46100124	79080311			
7908041	29090511	1	46100124	79080411			
7908051	29090511	1	46100124	79080511			
7908061	29090511	1	46100124	79080611			
7908071	29090511	1	46100124	79080711			
7908081	29090511	1	46100124	79080811			
7908091	29090511	1	46100124	79080911			
7908101	29090511	2	46100223	79081011			
7908201	29090511	2	46100221	79082011			
7908211	29090511	2	46100221	79082111			
7908221	29090511	2	46100221	79082211			
7908231	29090511	2	46100221	79082311			
7908241	29090511	2	46100221	79082411			
7908251	29090511	2	46100221	79082511			
7908261	29090511	2	46100221	79082611			
7908271	29090511	2	46100221	79082711			
7908281	29090511	2	46100221	79082811			
7908291	29090511	2	46100221	79082911			
7908301	29090511	1	46100124	79083011			
7908311	29090511	1	46100124	79083111			
7908321	29090511	1	46100124	79083211			
7908331	29090511	1	46100124	79083311			
7908341	29090511	1	46100124	79083411			
7908351	29090511	1	46100124	79083511			
7908361	29090511	1	46100124	79083611			
7908371	29090511	1	46100124	79083711			
7908381	29090511	1	46100124	79083811			
7908391	29090511	1	46100124	79083911			
7908401	29090511	1	46100121	79084011			
7908411	29090511	1	46100121	79084111			
7908421	29090511	1	46100121	79084211			
7908431	29090511	1	46100121	79084311			
7908441	29090511	1	46100121	79084411			
7908451	29090511	1	46100121	79084511			
7908461	29090511	1	46100121	79084611			
7908471	29090511	1	46100121	79084711			
7908481	29090511	1	46100121	79084811			
7908491	29090511	1	46100121	79084911			
7908501	29090511	1	46100123	79085011			
7908511	29090511	1	46100123	79085111			
7908521	29090511	1	46100123	79085211			
7908531	29090511	1	46100123	79085311			
7908541	29090511	1	46100123	79085411			
7908551	29090511	1	46100123	79085511			
7908561	29090511	1	46100123	79085611			
7908571	29090511	1	46100123	79085711			
7908581	29090511	1	46100123	79085811			
7908591	29090511	1	46100123	79085911			
7908601	29090511	1	46100125	79086011			
7908611	29090511	1	46100125	79086111			
7908621	29090511	1	46100125	79086211			
7908631	29090511	1	46100125	79086311			
7908641	29090511	1	46100125	79086411			
7908651	29090511	1	46100125	79086511			
7908661	29090511	1	46100125	79086611			
7908671	29090511	1	46100125	79086711			
7908681	29090511	1	46100125	79086811			
7908691	29090511	1	46100125	79086911			
7908701	29090511	1	46100123	79087011			
7908711	29090511	1	46100123	79087111			
7908721	29090511	1	46100123	79087211			
7908731	29090511	1	46100123	79087311			
7908741	29090511	1	46100123	79087411			
7908751	29090511	1	46100123	79087511			
7908761	29090511	1	46100123	79087611			
7908771	29090511	1	46100123	79087711			
7908781	29090511	1	46100123	79087811			
7908791	29090511	1	46100123	79087911			
7908801	29090511	2	46100225	79088011			
7908811	29090511	2	46100225	79088111			
7908821	29090511	2	46100225	79088211			
7908831	29090511	2	46100225	79088311			
7908841	29090511	2	46100225	79088411			
7908851	29090511	2	46100225	79088511			
7908861	29090511	2	46100225	79088611			
7908871	29090511	2	46100225	79088711			
7908881	29090511	2	46100225	79088811			
7908891	29090511	2	46100225	79088911			
7908901	29090511	2	46100223	79089011			
7908911	29090511	2	46100223	79089111			
7908921	29090511	2	46100223	79089211			
7908931	29090511	2	46100223	79089311			
7908941	29090511	2	46100223	79089411			
7908951	29090511	2	46100223	79089511			
7908961	29090511	2	46100223	79089611			
7908971	29090511	2	46100223	79089711			
7908981	29090511	2	46100223	79089811			
7908991	29090511	2	46100223	79089911			
7909001	29090511	2	46100225	79090011			
7909011	29090511	2	46100225	79090111			
7909021	29090511	2	46100225	79090211			
7909031	29090511	2	46100225	79090311			
7909041	29090511	2	46100225	79090411			
7909051	29090511	2	46100225	79090511			
7909061	29090511	2	46100225	79090611			
7909071	29090511	2	46100225	79090711			
7909081	29090511	2	46100225	79090811			
7909091	29090511	2	46100225	79090911			
7909101	29090511	2	46100222	79091011			
7909111	29090511	2	46100222	79091111			
7909121	29090511	2	46100222	79091211			
7909131	29090511	2	46100222	79091311			
7909141	29090511	2	46100222	79091411			
7909151	29090511	2	46100222	79091511			
7909161	29090511	2	46100222	79091611			
7909171	29090511	2	46100222	79091711			
7909181	29090511	2	46100222	79091811			
7909191	29090511	2	46100222	79091911			
7909401	29090511	1	46100122	79094011			
7909411	29090511	1	46100122	79094111			
7909421	29090511	1	46100122	79094211			
7909431	29090511	1	46100122	79094311			
7909441	29090511	1	46100122	79094411			
7909451	29090511	1	46100122	79094511			
7909461	29090511	1	46100122	79094611			
7909471	29090511	1	46100122	79094711			
7909481	29090511	1	46100122	79094811			
7909491	29090511	1	46100122	79094911			
7909501	29090511	1	46100125	79095011			
7909511	29090511	1	46100125	79095111			
7909521	29090511	1	46100125	79095211			
7909531	29090511	1	46100125	79095311			
7909541	29090511	1	46100125	79095411			
7909551	29090511	1	46100125	79095511			
7909561	29090511	1	46100125	79095611			
7909571	29090511	1	46100125	79095711			
7909581	29090511	1	46100125	79095811			
7909591	29090511	1	46100125	79095911			
7909601	29090511	2	46100225	79096011			
7909611	29090511	2	46100225	79096111			
7909621	29090511	2	46100225	79096211			
7909631	29090511	2	46100225	79096311			
7909641	29090511	2	46100225	79096411			
7909651	29090511	2	46100225	79096511			
7909661	29090511	2	46100225	79096611			
7909671	29090511	2	46100225	79096711			
7909681	29090511	2	46100225	79096811			
7909691	29090511	2	46100225	79096911			
7909701	29090511	2	46100224	79097011			
7909711	29090511	2	46100224	79097111			
7909721	29090511	2	46100224	79097211			
7909731	29090511	2	46100224	79097311			
7909741	29090511	2	46100224	79097411			
7909751	29090511	2	46100224	79097511			
7909761	29090511	2	46100224	79097611			
7909771	29090511	2	46100224	79097711			
7909781	29090511	2	46100224	79097811			
7909791	29090511	2	46100224	79097911			
7909801	29090511	2	46100224	79098011			
7909811	29090511	2	46100224	79098111			
7909821	29090511	2	46100224	79098211			
7909831	29090511	2	46100224	79098311			
7909841	29090511	2	46100224	79098411			
7909851	29090511	2	46100224	79098511			
7909861	29090511	2	46100224	79098611			
7909871	29090511	2	46100224	79098711			
7909881	29090511	2	46100224	79098811			
7909891	29090511	2	46100224	79098911			
7909901	29090511	2	46100221	79099011			
7909911	29090511	2	46100221	79099111			
7909921	29090511	2	46100221	79099211			
7909931	29090511	2	46100221	79099311			
7909941	29090511	2	46100221	79099411			
7909951	29090511	2	46100221	79099511			
7909961	29090511	2	46100221	79099611			
7909971	29090511	2	46100221	79099711			
7909981	29090511	2	46100221	79099811			
7909991	29090511	2	46100221	79099911			
7910001	29090511	2	46100224	79100011			
7910011	29090511	2	46100224	79100111			
7910021	29090511	2	46100224	79100211			
7910031	29090511	2	46100224	79100311			
7910041	29090511	2	46100224	79100411			
7910051	29090511	2	46100224	79100511			
7910061	29090511	2	46100224	79100611			
7910071	29090511	2	46100224	79100711			
7910081	29090511	2	46100224	79100811			
7910091	29090511	2	46100224	79100911			
7910101	29090511	2	46100222	79101011			
7910111	29090511	2	46100222	79101111			
7910121	29090511	2	46100222	79101211			
7910131	29090511	2	46100222	79101311			
7910141	29090511	2	46100222	79101411			
7910151	29090511	2	46100222	79101511			
7910161	29090511	2	46100222	79101611			
7910171	29090511	2	46100222	79101711			
7910181	29090511	2	46100222	79101811			
7910191	29090511	2	46100222	79101911			
7910201	29090511	2	46100224	79102011			
7910211	29090511	2	46100224	79102111			
7910221	29090511	2	46100224	79102211			
7910231	29090511	2	46100224	79102311			
7910241	29090511	2	46100224	79102411			
7910251	29090511	2	46100224	79102511			
7910261	29090511	2	46100224	79102611			
7910271	29090511	2	46100224	79102711			
7910281	29090511	2	46100224	79102811			
7910291	29090511	2	46100224	79102911			
7910901	29090511	1	46100124	79109011			
7913601	29090511	1	46100124	79136011			
7913701	29090511	1	46100124	79137011			
7913801	29090511	1	46100122	79138011			
7913901	29090511	2	46100224	79139011			
7914001	29090511	2	46100223	79140011			
7915401	29090511	1	46100121	79154011			
7915411	29090511	1	46100121	79154111			
7915421	29090511	1	46100121	79154211			
7915431	29090511	1	46100121	79154311			
7915441	29090511	1	46100121	79154411			
7915451	29090511	1	46100121	79154511			
7915461	29090511	1	46100121	79154611			
7915471	29090511	1	46100121	79154711			
7916701	29090511	2	46100223	79167011			
7916711	29090511	2	46100223	79167111			
7917101	29090511	2	46100222	79171011			
7917201	29090511	2	46100221	79172011			
7917211	29090511	2	46100221	79172111			
7917301	29090511	2	46100224	79173011			
7917401	29090511	2	46100225	79174011			
7917411	29090511	2	46100225	79174111			
7917601	29090511	2	46100222	79176011			
7917611	29090511	2	46100222	79176111			
7918101	29090511	2	46100221	79181011			
7918111	29090511	2	46100221	79181111			
7918301	29090511	2	46100225	79183011			
7918311	29090511	2	46100225	79183111			
7918501	29090511	2	46100222	79185011			
7918511	29090511	2	46100222	79185111			
9010101	29090511	1	46100121	90101011			
9010102	29090511	1	46100122	90101021			
9010103	29090511	1	46100123	90101031			
9010104	29090511	1	46100125	90101041			
9010105	29090511	1	46100121	90101051			
9010106	29090511	1	46100122	90101061			
9010107	29090511	1	46100123	90101071			
9010108	29090511	1	46100125	90101081			
9010109	29090511	1	46100121	90101091			
9010110	29090511	1	46100122	90101101			
9010111	29090511	1	46100123	90101111			
9010112	29090511	1	46100125	90101121			
9010113	29090511	1	46100121	90101131			
9010114	29090511	1	46100122	90101141			
9010115	29090511	1	46100124	90101151			
9010116	29090511	1	46100125	90101161			
9010117	29090511	1	46100121	90101171			
9010118	29090511	1	46100122	90101181			
9010119	29090511	1	46100124	90101191			
9010120	29090511	1	46100125	90101201			
9010121	29090511	1	46100121	90101211			
9010122	29090511	1	46100122	90101221			
9010123	29090511	1	46100124	90101231			
9010124	29090511	1	46100125	90101241			
9010125	29090511	1	46100121	90101251			
9010126	29090511	1	46100123	90101261			
9010127	29090511	1	46100124	90101271			
9010128	29090511	1	46100125	90101281			
9010129	29090511	1	46100121	90101291			
9010130	29090511	1	46100123	90101301			
9010131	29090511	1	46100124	90101311			
9010132	29090511	1	46100125	90101321			
9010133	29090511	1	46100121	90101331			
9010134	29090511	1	46100123	90101341			
9010135	29090511	1	46100124	90101351			
9010136	29090511	1	46100125	90101361			
9010201	29090511	1	46100121	90102011			
9010202	29090511	1	46100122	90102021			
9010203	29090511	1	46100123	90102031			
9010204	29090511	1	46100125	90102041			
9010205	29090511	1	46100121	90102051			
9010206	29090511	1	46100122	90102061			
9010207	29090511	1	46100123	90102071			
9010208	29090511	1	46100125	90102081			
9010209	29090511	1	46100121	90102091			
9010210	29090511	1	46100122	90102101			
9010211	29090511	1	46100123	90102111			
9010212	29090511	1	46100125	90102121			
9010213	29090511	1	46100121	90102131			
9010214	29090511	1	46100122	90102141			
9010215	29090511	1	46100124	90102151			
9010216	29090511	1	46100125	90102161			
9010217	29090511	1	46100121	90102171			
9010218	29090511	1	46100122	90102181			
9010219	29090511	1	46100124	90102191			
9010220	29090511	1	46100125	90102201			
9010221	29090511	1	46100121	90102211			
9010222	29090511	1	46100122	90102221			
9010223	29090511	1	46100124	90102231			
9010224	29090511	1	46100125	90102241			
9010225	29090511	1	46100121	90102251			
9010226	29090511	1	46100123	90102261			
9010227	29090511	1	46100124	90102271			
9010228	29090511	1	46100125	90102281			
9010229	29090511	1	46100121	90102291			
9010230	29090511	1	46100123	90102301			
9010231	29090511	1	46100124	90102311			
9010232	29090511	1	46100125	90102321			
9010233	29090511	1	46100121	90102331			
9010234	29090511	1	46100123	90102341			
9010235	29090511	1	46100124	90102351			
9010236	29090511	1	46100125	90102361			
9010301	29090511	2	46100221	90103011			
9010302	29090511	2	46100222	90103021			
9010303	29090511	2	46100223	90103031			
9010304	29090511	2	46100225	90103041			
9010305	29090511	2	46100221	90103051			
9010306	29090511	2	46100222	90103061			
9010307	29090511	2	46100223	90103071			
9010308	29090511	2	46100225	90103081			
9010309	29090511	2	46100221	90103091			
9010310	29090511	2	46100222	90103101			
9010311	29090511	2	46100223	90103111			
9010312	29090511	2	46100225	90103121			
9010313	29090511	2	46100221	90103131			
9010314	29090511	2	46100222	90103141			
9010315	29090511	2	46100224	90103151			
9010316	29090511	2	46100225	90103161			
9010317	29090511	2	46100221	90103171			
9010318	29090511	2	46100222	90103181			
9010319	29090511	2	46100224	90103191			
9010320	29090511	2	46100225	90103201			
9010321	29090511	2	46100221	90103211			
9010322	29090511	2	46100222	90103221			
9010323	29090511	2	46100224	90103231			
9010324	29090511	2	46100225	90103241			
9010325	29090511	2	46100221	90103251			
9010326	29090511	2	46100223	90103261			
9010327	29090511	2	46100224	90103271			
9010328	29090511	2	46100225	90103281			
9010329	29090511	2	46100221	90103291			
9010330	29090511	2	46100223	90103301			
9010331	29090511	2	46100224	90103311			
9010332	29090511	2	46100225	90103321			
9010333	29090511	2	46100221	90103331			
9010334	29090511	2	46100223	90103341			
9010335	29090511	2	46100224	90103351			
9010336	29090511	2	46100225	90103361			
9010401	29090511	2	46100221	90104011			
9010402	29090511	2	46100222	90104021			
9010403	29090511	2	46100223	90104031			
9010404	29090511	2	46100225	90104041			
9010405	29090511	2	46100221	90104051			
9010406	29090511	2	46100222	90104061			
9010407	29090511	2	46100223	90104071			
9010408	29090511	2	46100225	90104081			
9010409	29090511	2	46100221	90104091			
9010410	29090511	2	46100222	90104101			
9010411	29090511	2	46100223	90104111			
9010412	29090511	2	46100225	90104121			
9010413	29090511	2	46100221	90104131			
9010414	29090511	2	46100222	90104141			
9010415	29090511	2	46100224	90104151			
9010416	29090511	2	46100225	90104161			
9010417	29090511	2	46100221	90104171			
9010418	29090511	2	46100222	90104181			
9010419	29090511	2	46100224	90104191			
9010420	29090511	2	46100225	90104201			
9010421	29090511	2	46100221	90104211			
9010422	29090511	2	46100222	90104221			
9010423	29090511	2	46100224	90104231			
9010424	29090511	2	46100225	90104241			
9010425	29090511	2	46100221	90104251			
9010426	29090511	2	46100223	90104261			
9010427	29090511	2	46100224	90104271			
9010428	29090511	2	46100225	90104281			
9010429	29090511	2	46100221	90104291			
9010430	29090511	2	46100223	90104301			
9010431	29090511	2	46100224	90104311			
9010432	29090511	2	46100225	90104321			
9010433	29090511	2	46100221	90104331			
9010434	29090511	2	46100223	90104341			
9010435	29090511	2	46100224	90104351			
9010436	29090511	2	46100225	90104361			
