id	secret_id	weight	case_relationship	case_satisfaction	case_comfortableness	case_warmth	case_healing	case_hotness	case_coldness	case_sporty	case_relaxing	case_playing	case_cooking	case_camp_skill_group_id	case_camp	case_camping_area	case_month	case_season	case_location	case_keyword1	case_keyword2	case_keyword3
100011	100011	70	1																			
100012	100012	25	340																			
100013	100013	5	470																			
100021	100021	70		1																		
100022	100022	25		340																		
100023	100023	5		470																		
100031	100031	70			1																	
100032	100032	25			340																	
100033	100033	5			470																	
100041	100041	70				1																
100042	100042	25				340																
100043	100043	5				470																
100051	100051	70					1															
100052	100052	25					340															
100053	100053	5					470															
200011	200011	70						1														
200012	200012	25						4														
200013	200013	5						7														
200021	200021	70							1													
200022	200022	25							4													
200023	200023	5							7													
200031	200031	70								1												
200032	200032	25								4												
200033	200033	5								7												
200041	200041	70									1											
200042	200042	25									4											
200043	200043	5									7											
200051	200051	70										1										
200052	200052	25										4										
200053	200053	5										7										
200061	200061	70											1									
200062	200062	25											4									
200063	200063	5											7									
300011	300011	1	1																			
300021	300021	1		1																		
300031	300031	1			1																	
300041	300041	1				1																
300051	300051	1					1															
300061	300061	70												6200011								
300062	300062	25												6200011								
300063	300063	5												6200011								
300071	300071	70												6200021								
300072	300072	25												6200021								
300073	300073	5												6200021								
300081	300081	70												6200031								
300082	300082	25												6200031								
300083	300083	5												6200031								
300091	300091	70												6200041								
300092	300092	25												6200041								
300093	300093	5												6200041								
300101	300101	70												6200051								
300102	300102	25												6200051								
300103	300103	5												6200051								
300111	300111	70												6200061								
300112	300112	25												6200061								
300113	300113	5												6200061								
300121	300121	70												6200071								
300122	300122	25												6200071								
300123	300123	5												6200071								
300131	300131	70												6200081								
300132	300132	25												6200081								
300133	300133	5												6200081								
300141	300141	70												6200091								
300142	300142	25												6200091								
300143	300143	5												6200091								
300151	300151	70												6200101								
300152	300152	25												6200101								
300153	300153	5												6200101								
300161	300161	70												6200111								
300162	300162	25												6200111								
300163	300163	5												6200111								
300171	300171	70												6200121								
300172	300172	25												6200121								
300173	300173	5												6200121								
300181	300181	70												6200131								
300182	300182	25												6200131								
300183	300183	5												6200131								
300191	300191	70												6200141								
300192	300192	25												6200141								
300193	300193	5												6200141								
300201	300201	70												6200151								
300202	300202	25												6200151								
300203	300203	5												6200151								
300211	300211	70												6200161								
300212	300212	25												6200161								
300213	300213	5												6200161								
300221	300221	70												6200171								
300222	300222	25												6200171								
300223	300223	5												6200171								
300231	300231	70												6200181								
300232	300232	25												6200181								
300233	300233	5												6200181								
300241	300241	70												6200191								
300242	300242	25												6200191								
300243	300243	5												6200191								
300251	300251	70												6200201								
300252	300252	25												6200201								
300253	300253	5												6200201								
300261	300261	70												6200211								
300262	300262	25												6200211								
300263	300263	5												6200211								
300271	300271	70												6200221								
300272	300272	25												6200221								
300273	300273	5												6200221								
300281	300281	70												6200231								
300282	300282	25												6200231								
300283	300283	5												6200231								
300291	300291	70												6200241								
300292	300292	25												6200241								
300293	300293	5												6200241								
300301	300301	70												6200251								
300302	300302	25												6200251								
300303	300303	5												6200251								
300311	300311	70												6200261								
300312	300312	25												6200261								
300313	300313	5												6200261								
300321	300321	70												6200271								
300322	300322	25												6200271								
300323	300323	5												6200271								
300331	300331	70												6200281								
300332	300332	25												6200281								
300333	300333	5												6200281								
300341	300341	70												6200291								
300342	300342	25												6200291								
300343	300343	5												6200291								
300351	300351	70												6200301								
300352	300352	25												6200301								
300353	300353	5												6200301								
300361	300361	70												6200311								
300362	300362	25												6200311								
300363	300363	5												6200311								
300371	300371	70												6200321								
300372	300372	25												6200321								
300373	300373	5												6200321								
300381	300381	70												6200331								
300382	300382	25												6200331								
300383	300383	5												6200331								
300391	300391	70												6200341								
300392	300392	25												6200341								
300393	300393	5												6200341								
300401	300401	70												6200351								
300402	300402	25												6200351								
300403	300403	5												6200351								
300411	300411	70												6200361								
300412	300412	25												6200361								
300413	300413	5												6200361								
300421	300421	70												6200371								
300422	300422	25												6200371								
300423	300423	5												6200371								
300431	300431	70												6200381								
300432	300432	25												6200381								
300433	300433	5												6200381								
300441	300441	70												6200391								
300442	300442	25												6200391								
300443	300443	5												6200391								
300451	300451	70												6200401								
300452	300452	25												6200401								
300453	300453	5												6200401								
300461	300461	70												6200411								
300462	300462	25												6200411								
300463	300463	5												6200411								
300471	300471	70												6200421								
300472	300472	25												6200421								
300473	300473	5												6200421								
300481	300481	70												6200431								
300482	300482	25												6200431								
300483	300483	5												6200431								
300491	300491	70												6200441								
300492	300492	25												6200441								
300493	300493	5												6200441								
300501	300501	70												6200451								
300502	300502	25												6200451								
300503	300503	5												6200451								
300511	300511	70												6200461								
300512	300512	25												6200461								
300513	300513	5												6200461								
300521	300521	70												6200471								
300522	300522	25												6200471								
300523	300523	5												6200471								
300531	300531	70												6200481								
300532	300532	25												6200481								
300533	300533	5												6200481								
300541	300541	70												6200491								
300542	300542	25												6200491								
300543	300543	5												6200491								
300551	300551	70												6200501								
300552	300552	25												6200501								
300553	300553	5												6200501								
300561	300561	70												6200511								
300562	300562	25												6200511								
300563	300563	5												6200511								
300571	300571	70												6200521								
300572	300572	25												6200521								
300573	300573	5												6200521								
300581	300581	70												6200531								
300582	300582	25												6200531								
300583	300583	5												6200531								
300591	300591	70												6200541								
300592	300592	25												6200541								
300593	300593	5												6200541								
300601	300601	70												6200551								
300602	300602	25												6200551								
300603	300603	5												6200551								
300611	300611	70												6200561								
300612	300612	25												6200561								
300613	300613	5												6200561								
300621	300621	70												6200571								
300622	300622	25												6200571								
300623	300623	5												6200571								
300631	300631	70												6200581								
300632	300632	25												6200581								
300633	300633	5												6200581								
300641	300641	70												6200591								
300642	300642	25												6200591								
300643	300643	5												6200591								
300651	300651	70												6200601								
300652	300652	25												6200601								
300653	300653	5												6200601								
300661	300661	70												6200611								
300662	300662	25												6200611								
300663	300663	5												6200611								
300671	300671	70												6200621								
300672	300672	25												6200621								
300673	300673	5												6200621								
300681	300681	70												6200631								
300682	300682	25												6200631								
300683	300683	5												6200631								
300691	300691	70												6200641								
300692	300692	25												6200641								
300693	300693	5												6200641								
300701	300701	70												6200651								
300702	300702	25												6200651								
300703	300703	5												6200651								
300711	300711	70												6200661								
300712	300712	25												6200661								
300713	300713	5												6200661								
300721	300721	70												6200671								
300722	300722	25												6200671								
300723	300723	5												6200671								
300731	300731	70												6200681								
300732	300732	25												6200681								
300733	300733	5												6200681								
300741	300741	70												6200691								
300742	300742	25												6200691								
300743	300743	5												6200691								
300751	300751	70												6200701								
300752	300752	25												6200701								
300753	300753	5												6200701								
300761	300761	70												6200711								
300762	300762	25												6200711								
300763	300763	5												6200711								
300771	300771	70												6200721								
300772	300772	25												6200721								
300773	300773	5												6200721								
300781	300781	70												6200731								
300782	300782	25												6200731								
300783	300783	5												6200731								
300791	300791	70												6200741								
300792	300792	25												6200741								
300793	300793	5												6200741								
300801	300801	70												6200751								
300802	300802	25												6200751								
300803	300803	5												6200751								
300811	300811	70												6200761								
300812	300812	25												6200761								
300813	300813	5												6200761								
300821	300821	70												6200771								
300822	300822	25												6200771								
300823	300823	5												6200771								
300831	300831	70												6200781								
300832	300832	25												6200781								
300833	300833	5												6200781								
300841	300841	70												6200791								
300842	300842	25												6200791								
300843	300843	5												6200791								
300851	300851	70												6200801								
300852	300852	25												6200801								
300853	300853	5												6200801								
300861	300861	70												6200811								
300862	300862	25												6200811								
300863	300863	5												6200811								
300871	300871	70												6200821								
300872	300872	25												6200821								
300873	300873	5												6200821								
300881	300881	70												6200831								
300882	300882	25												6200831								
300883	300883	5												6200831								
300891	300891	70												6200841								
300892	300892	25												6200841								
300893	300893	5												6200841								
300901	300901	70												6200851								
300902	300902	25												6200851								
300903	300903	5												6200851								
300911	300911	70												6200861								
300912	300912	25												6200861								
300913	300913	5												6200861								
300921	300921	70												6200871								
300922	300922	25												6200871								
300923	300923	5												6200871								
300931	300931	70												6200881								
300932	300932	25												6200881								
300933	300933	5												6200881								
300941	300941	70												6200891								
300942	300942	25												6200891								
300943	300943	5												6200891								
300951	300951	70												6200901								
300952	300952	25												6200901								
300953	300953	5												6200901								
300961	300961	70												6200911								
300962	300962	25												6200911								
300963	300963	5												6200911								
300971	300971	70												6200921								
300972	300972	25												6200921								
300973	300973	5												6200921								
300981	300981	70												6200931								
300982	300982	25												6200931								
300983	300983	5												6200931								
300991	300991	70												6200941								
300992	300992	25												6200941								
300993	300993	5												6200941								
301001	301001	70												6200951								
301002	301002	25												6200951								
301003	301003	5												6200951								
301011	301011	70												6200961								
301012	301012	25												6200961								
301013	301013	5												6200961								
301021	301021	70												6200971								
301022	301022	25												6200971								
301023	301023	5												6200971								
301031	301031	70												6200981								
301032	301032	25												6200981								
301033	301033	5												6200981								
301041	301041	70												6200991								
301042	301042	25												6200991								
301043	301043	5												6200991								
301051	301051	70												6201001								
301052	301052	25												6201001								
301053	301053	5												6201001								
301061	301061	70												6201011								
301062	301062	25												6201011								
301063	301063	5												6201011								
301071	301071	70												6201021								
301072	301072	25												6201021								
301073	301073	5												6201021								
301081	301081	70												6201031								
301082	301082	25												6201031								
301083	301083	5												6201031								
301091	301091	70												6201041								
301092	301092	25												6201041								
301093	301093	5												6201041								
301101	301101	70												6201051								
301102	301102	25												6201051								
301103	301103	5												6201051								
301111	301111	70												6201061								
301112	301112	25												6201061								
301113	301113	5												6201061								
301121	301121	70												6201071								
301122	301122	25												6201071								
301123	301123	5												6201071								
301131	301131	70												6201081								
301132	301132	25												6201081								
301133	301133	5												6201081								
301141	301141	70												6201091								
301142	301142	25												6201091								
301143	301143	5												6201091								
301151	301151	70												6201101								
301152	301152	25												6201101								
301153	301153	5												6201101								
301161	301161	70												6201111								
301162	301162	25												6201111								
301163	301163	5												6201111								
301171	301171	70												6201121								
301172	301172	25												6201121								
301173	301173	5												6201121								
301181	301181	70												6201131								
301182	301182	25												6201131								
301183	301183	5												6201131								
301191	301191	70												6201141								
301192	301192	25												6201141								
301193	301193	5												6201141								
301201	301201	70												6201151								
301202	301202	25												6201151								
301203	301203	5												6201151								
301211	301211	70												6201161								
301212	301212	25												6201161								
301213	301213	5												6201161								
301221	301221	70												6201171								
301222	301222	25												6201171								
301223	301223	5												6201171								
301231	301231	70												6201181								
301232	301232	25												6201181								
301233	301233	5												6201181								
301241	301241	70												6201191								
301242	301242	25												6201191								
301243	301243	5												6201191								
301251	301251	70												6201201								
301252	301252	25												6201201								
301253	301253	5												6201201								
301262	301262	25												7100101								
301271	301271	70												7100201								
301281	301281	70												7100301								
301291	301291	70												7100401								
301301	301301	70												7100501								
301311	301311	70												7100601								
301322	301322	25												7100701								
301333	301333	5												7100801								
301342	301342	25												7100901								
301352	301352	25												7101001								
301362	301362	25												7101101								
301372	301372	25												7101201								
301383	301383	5												7101301								
301392	301392	25												7101401								
301401	301401	70												7101501								
301413	301413	5												7101901								
301421	301421	70												7102001								
301431	301431	70												7102011								
301441	301441	70												7102021								
301451	301451	70												7102031								
301461	301461	70												7102041								
301471	301471	70												7102051								
301481	301481	70												7102061								
301491	301491	70												7102071								
301501	301501	70												7102081								
301511	301511	70												7102091								
301522	301522	25												7102101								
301532	301532	25												7102111								
301542	301542	25												7102121								
301552	301552	25												7102131								
301562	301562	25												7102141								
301572	301572	25												7102151								
301582	301582	25												7102161								
301592	301592	25												7102171								
301602	301602	25												7102181								
301612	301612	25												7102191								
301622	301622	25												7102201								
301632	301632	25												7102211								
301642	301642	25												7102221								
301652	301652	25												7102231								
301662	301662	25												7102241								
301672	301672	25												7102251								
301682	301682	25												7102261								
301692	301692	25												7102271								
301702	301702	25												7102281								
301712	301712	25												7102291								
301721	301721	70												7102301								
301731	301731	70												7102311								
301741	301741	70												7102321								
301751	301751	70												7102331								
301761	301761	70												7102341								
301771	301771	70												7102351								
301781	301781	70												7102361								
301791	301791	70												7102371								
301801	301801	70												7102381								
301811	301811	70												7102391								
301822	301822	25												7102401								
301832	301832	25												7102411								
301842	301842	25												7102421								
301852	301852	25												7102431								
301862	301862	25												7102441								
301872	301872	25												7102451								
301882	301882	25												7102461								
301892	301892	25												7102471								
301902	301902	25												7102481								
301912	301912	25												7102491								
301921	301921	70												7102501								
301931	301931	70												7102511								
301941	301941	70												7102521								
301951	301951	70												7102531								
301961	301961	70												7102541								
301971	301971	70												7102551								
301981	301981	70												7102561								
301991	301991	70												7102571								
302001	302001	70												7102581								
302011	302011	70												7102591								
302021	302021	70												7102601								
302031	302031	70												7102611								
302041	302041	70												7102621								
302051	302051	70												7102631								
302061	302061	70												7102641								
302071	302071	70												7102651								
302081	302081	70												7102661								
302091	302091	70												7102671								
302101	302101	70												7102681								
302111	302111	70												7102691								
302123	302123	5												7102701								
302133	302133	5												7102711								
302143	302143	5												7102721								
302153	302153	5												7102731								
302163	302163	5												7102741								
302173	302173	5												7102751								
302183	302183	5												7102761								
302193	302193	5												7102771								
302203	302203	5												7102781								
302213	302213	5												7102791								
302222	302222	25												7102801								
302232	302232	25												7102811								
302242	302242	25												7102821								
302252	302252	25												7102831								
302262	302262	25												7102841								
302272	302272	25												7102851								
302282	302282	25												7102861								
302292	302292	25												7102871								
302302	302302	25												7102881								
302312	302312	25												7102891								
302322	302322	25												7102901								
302332	302332	25												7102911								
302342	302342	25												7102921								
302352	302352	25												7102931								
302362	302362	25												7102941								
302372	302372	25												7102951								
302382	302382	25												7102961								
302392	302392	25												7102971								
302402	302402	25												7102981								
302412	302412	25												7102991								
302422	302422	25												7103001								
302432	302432	25												7103011								
302442	302442	25												7103021								
302452	302452	25												7103031								
302462	302462	25												7103041								
302472	302472	25												7103051								
302482	302482	25												7103061								
302492	302492	25												7103071								
302502	302502	25												7103081								
302512	302512	25												7103091								
302521	302521	70												7103101								
302531	302531	70												7103111								
302541	302541	70												7103121								
302551	302551	70												7103131								
302561	302561	70												7103141								
302571	302571	70												7103151								
302581	302581	70												7103161								
302591	302591	70												7103171								
302601	302601	70												7103181								
302611	302611	70												7103191								
302622	302622	25												7103201								
302632	302632	25												7103211								
302642	302642	25												7103221								
302652	302652	25												7103231								
302662	302662	25												7103241								
302672	302672	25												7103251								
302682	302682	25												7103261								
302692	302692	25												7103271								
302702	302702	25												7103281								
302712	302712	25												7103291								
302722	302722	25												7103301								
302732	302732	25												7103311								
302742	302742	25												7103321								
302752	302752	25												7103331								
302762	302762	25												7103341								
302772	302772	25												7103351								
302782	302782	25												7103361								
302792	302792	25												7103371								
302802	302802	25												7103381								
302812	302812	25												7103391								
302822	302822	25												7103401								
302832	302832	25												7103411								
302842	302842	25												7103421								
302852	302852	25												7103431								
302862	302862	25												7103441								
302872	302872	25												7103451								
302882	302882	25												7103461								
302892	302892	25												7103471								
302902	302902	25												7103481								
302912	302912	25												7103491								
302922	302922	25												7103501								
302932	302932	25												7103511								
302942	302942	25												7103521								
302952	302952	25												7103531								
302962	302962	25												7103541								
302972	302972	25												7103551								
302982	302982	25												7103561								
302992	302992	25												7103571								
303002	303002	25												7103581								
303012	303012	25												7103591								
303022	303022	25												7103601								
303032	303032	25												7103611								
303042	303042	25												7103621								
303052	303052	25												7103631								
303062	303062	25												7103641								
303072	303072	25												7103651								
303082	303082	25												7103661								
303092	303092	25												7103671								
303102	303102	25												7103681								
303112	303112	25												7103691								
303122	303122	25												7103701								
303132	303132	25												7103711								
303142	303142	25												7103721								
303152	303152	25												7103731								
303162	303162	25												7103741								
303172	303172	25												7103751								
303182	303182	25												7103761								
303192	303192	25												7103771								
303202	303202	25												7103781								
303212	303212	25												7103791								
303223	303223	5												7103801								
303233	303233	5												7103811								
303243	303243	5												7103821								
303253	303253	5												7103831								
303263	303263	5												7103841								
303273	303273	5												7103851								
303283	303283	5												7103861								
303293	303293	5												7103871								
303303	303303	5												7103881								
303313	303313	5												7103891								
303323	303323	5												7103901								
303333	303333	5												7103911								
303343	303343	5												7103921								
303353	303353	5												7103931								
303363	303363	5												7103941								
303373	303373	5												7103951								
303383	303383	5												7103961								
303393	303393	5												7103971								
303403	303403	5												7103981								
303413	303413	5												7103991								
303422	303422	25												7104001								
303432	303432	25												7104011								
303442	303442	25												7104021								
303452	303452	25												7104031								
303462	303462	25												7104041								
303472	303472	25												7104051								
303482	303482	25												7104061								
303492	303492	25												7104071								
303502	303502	25												7104081								
303512	303512	25												7104091								
303521	303521	70												7104101								
303531	303531	70												7104111								
303541	303541	70												7104121								
303551	303551	70												7104131								
303561	303561	70												7104141								
303571	303571	70												7104151								
303581	303581	70												7104161								
303591	303591	70												7104171								
303601	303601	70												7104181								
303611	303611	70												7104191								
303621	303621	70												7104201								
303631	303631	70												7104211								
303641	303641	70												7104221								
303651	303651	70												7104231								
303661	303661	70												7104241								
303671	303671	70												7104251								
303681	303681	70												7104261								
303691	303691	70												7104271								
303701	303701	70												7104281								
303711	303711	70												7104291								
303721	303721	70												7104301								
303731	303731	70												7104311								
303741	303741	70												7104321								
303751	303751	70												7104331								
303761	303761	70												7104341								
303771	303771	70												7104351								
303781	303781	70												7104361								
303791	303791	70												7104371								
303801	303801	70												7104381								
303811	303811	70												7104391								
303822	303822	25												7104401								
303832	303832	25												7104411								
303842	303842	25												7104421								
303852	303852	25												7104431								
303862	303862	25												7104441								
303872	303872	25												7104451								
303882	303882	25												7104461								
303892	303892	25												7104471								
303902	303902	25												7104481								
303912	303912	25												7104491								
303921	303921	70												7104501								
303932	303932	25												7104701								
303942	303942	25												7200101								
303952	303952	25												7200201								
303961	303961	70												7200301								
303971	303971	70												7200401								
303981	303981	70												7200501								
303992	303992	25												7200601								
304002	304002	25												7200701								
304011	304011	70												7200801								
304021	304021	70												7200901								
304032	304032	25												7201001								
304042	304042	25												7201101								
304053	304053	5												7201201								
304061	304061	70												7201301								
304071	304071	70												7201311								
304081	304081	70												7201321								
304091	304091	70												7201331								
304101	304101	70												7201341								
304111	304111	70												7201351								
304121	304121	70												7201361								
304131	304131	70												7201371								
304141	304141	70												7201381								
304151	304151	70												7201391								
304161	304161	70												7201401								
304171	304171	70												7201411								
304181	304181	70												7201421								
304191	304191	70												7201431								
304201	304201	70												7201441								
304211	304211	70												7201451								
304221	304221	70												7201461								
304231	304231	70												7201471								
304241	304241	70												7201481								
304251	304251	70												7201491								
304261	304261	70												7201501								
304271	304271	70												7201511								
304281	304281	70												7201521								
304291	304291	70												7201531								
304301	304301	70												7201541								
304311	304311	70												7201551								
304321	304321	70												7201561								
304331	304331	70												7201571								
304341	304341	70												7201581								
304351	304351	70												7201591								
304361	304361	70												7201601								
304371	304371	70												7201611								
304381	304381	70												7201621								
304391	304391	70												7201631								
304401	304401	70												7201641								
304411	304411	70												7201651								
304421	304421	70												7201661								
304431	304431	70												7201671								
304441	304441	70												7201681								
304451	304451	70												7201691								
304461	304461	70												7201701								
304471	304471	70												7201711								
304481	304481	70												7201721								
304491	304491	70												7201731								
304501	304501	70												7201741								
304511	304511	70												7201751								
304521	304521	70												7201761								
304531	304531	70												7201771								
304541	304541	70												7201781								
304551	304551	70												7201791								
304561	304561	70												7201801								
304571	304571	70												7201811								
304581	304581	70												7201821								
304591	304591	70												7201831								
304601	304601	70												7201841								
304611	304611	70												7201851								
304621	304621	70												7201861								
304631	304631	70												7201871								
304641	304641	70												7201881								
304651	304651	70												7201891								
304661	304661	70												7201901								
304671	304671	70												7201911								
304681	304681	70												7201921								
304691	304691	70												7201931								
304701	304701	70												7201941								
304711	304711	70												7201951								
304721	304721	70												7201961								
304731	304731	70												7201971								
304741	304741	70												7201981								
304751	304751	70												7201991								
304762	304762	25												7202001								
304772	304772	25												7202011								
304782	304782	25												7202021								
304792	304792	25												7202031								
304802	304802	25												7202041								
304812	304812	25												7202051								
304822	304822	25												7202061								
304832	304832	25												7202071								
304842	304842	25												7202081								
304852	304852	25												7202091								
304862	304862	25												7202101								
304872	304872	25												7202111								
304882	304882	25												7202121								
304892	304892	25												7202131								
304902	304902	25												7202141								
304912	304912	25												7202151								
304922	304922	25												7202161								
304932	304932	25												7202171								
304942	304942	25												7202181								
304952	304952	25												7202191								
304962	304962	25												7202201								
304972	304972	25												7202211								
304982	304982	25												7202221								
304992	304992	25												7202231								
305002	305002	25												7202241								
305012	305012	25												7202251								
305022	305022	25												7202261								
305032	305032	25												7202271								
305042	305042	25												7202281								
305052	305052	25												7202291								
305062	305062	25												7202301								
305072	305072	25												7202311								
305082	305082	25												7202321								
305092	305092	25												7202331								
305102	305102	25												7202341								
305112	305112	25												7202351								
305122	305122	25												7202361								
305132	305132	25												7202371								
305142	305142	25												7202381								
305152	305152	25												7202391								
305162	305162	25												7300101								
305171	305171	70												7300201								
305181	305181	70												7300301								
305191	305191	70												7300401								
305202	305202	25												7300501								
305212	305212	25												7300601								
305222	305222	25												7300701								
305232	305232	25												7300801								
305242	305242	25												7300901								
305252	305252	25												7301001								
305262	305262	25												7301011								
305272	305272	25												7301021								
305282	305282	25												7301031								
305292	305292	25												7301041								
305302	305302	25												7301051								
305312	305312	25												7301061								
305322	305322	25												7301071								
305332	305332	25												7301081								
305342	305342	25												7301091								
305351	305351	70												7301101								
305361	305361	70												7301201								
305371	305371	70												7301291								
305382	305382	25												7301301								
305392	305392	25												7301311								
305402	305402	25												7301321								
305412	305412	25												7301331								
305422	305422	25												7301341								
305432	305432	25												7301351								
305442	305442	25												7301361								
305452	305452	25												7301371								
305462	305462	25												7301381								
305472	305472	25												7301391								
305482	305482	25												7301401								
305492	305492	25												7301411								
305502	305502	25												7301421								
305512	305512	25												7301431								
305522	305522	25												7301441								
305532	305532	25												7301451								
305542	305542	25												7301501								
305551	305551	70												7301601								
305562	305562	25												7301701								
305572	305572	25												7301801								
305582	305582	25												7400101								
305592	305592	25												7400201								
305601	305601	70												7400501								
305611	305611	70												7400601								
305621	305621	70												7400611								
305631	305631	70												7400621								
305641	305641	70												7400631								
305651	305651	70												7400641								
305661	305661	70												7400651								
305671	305671	70												7400661								
305681	305681	70												7400671								
305691	305691	70												7400681								
305701	305701	70												7400691								
305712	305712	25												7400701								
305721	305721	70												7400801								
305732	305732	25												7400901								
305742	305742	25												7401001								
305752	305752	25												7401101								
305761	305761	70												7401201								
305772	305772	25												7401301								
305782	305782	25												7401401								
305791	305791	70												7401501								
305801	305801	70												7401601								
305811	305811	70												7401701								
305821	305821	70												7401791								
305831	305831	70												7401801								
305841	305841	70												7401901								
305852	305852	25												7402001								
305861	305861	70												7402101								
305871	305871	70												7402201								
305882	305882	25												7402301								
305892	305892	25												7402311								
305902	305902	25												7402321								
305912	305912	25												7402331								
305922	305922	25												7402341								
305932	305932	25												7402351								
305942	305942	25												7402401								
305952	305952	25												7402411								
305962	305962	25												7402421								
305972	305972	25												7402431								
305982	305982	25												7402441								
305992	305992	25												7402451								
306001	306001	70												7402501								
306011	306011	70												7402511								
306021	306021	70												7402521								
306031	306031	70												7402531								
306041	306041	70												7402541								
306051	306051	70												7402551								
306061	306061	70												7402601								
306071	306071	70												7402701								
306082	306082	25												7402801								
306092	306092	25												7403001								
306102	306102	25												7403101								
306112	306112	25												7403201								
306121	306121	70												7403301								
306131	306131	70												7403401								
306142	306142	25												7403501								
306152	306152	25												7403601								
306162	306162	25												7403701								
306171	306171	70												7403801								
306182	306182	25												7403901								
306193	306193	5												7404001								
306203	306203	5												7404101								
306212	306212	25												7404201								
306221	306221	70												7404301								
306232	306232	25												7404401								
306242	306242	25												7404501								
306252	306252	25												7404511								
306262	306262	25												7404521								
306272	306272	25												7404531								
306282	306282	25												7404541								
306292	306292	25												7404551								
306301	306301	70												7404601								
306311	306311	70												7404611								
306321	306321	70												7404621								
306331	306331	70												7404631								
306341	306341	70												7404641								
306351	306351	70												7404651								
306361	306361	70												7404801								
306371	306371	70												7404901								
306381	306381	70												7404911								
306391	306391	70												7404921								
306401	306401	70												7404931								
306411	306411	70												7404941								
306421	306421	70												7404951								
306432	306432	25												7405101								
306441	306441	70												7405201								
306451	306451	70												7405211								
306461	306461	70												7405221								
306471	306471	70												7405231								
306481	306481	70												7405241								
306491	306491	70												7405251								
306501	306501	70												7405301								
306511	306511	70												7405311								
306521	306521	70												7405321								
306531	306531	70												7405331								
306541	306541	70												7405341								
306551	306551	70												7405351								
306561	306561	70												7405401								
306571	306571	70												7405411								
306581	306581	70												7405421								
306591	306591	70												7405431								
306601	306601	70												7405441								
306611	306611	70												7405451								
306621	306621	70												7405501								
306631	306631	70												7405601								
306642	306642	25												7500101								
306651	306651	70												7500201								
306662	306662	25												7500301								
306672	306672	25												7500401								
306681	306681	70												7500501								
306691	306691	70												7500601								
306702	306702	25												7501201								
306713	306713	5												7501301								
306723	306723	5												7501311								
306733	306733	5												7501321								
306743	306743	5												7501331								
306753	306753	5												7501341								
306763	306763	5												7501351								
306773	306773	5												7501401								
306783	306783	5												7501411								
306793	306793	5												7501421								
306803	306803	5												7501431								
306813	306813	5												7501441								
306823	306823	5												7501451								
306831	306831	70												7501501								
306841	306841	70												7501511								
306851	306851	70												7501521								
306861	306861	70												7501531								
306871	306871	70												7501541								
306881	306881	70												7501551								
306892	306892	25												7501601								
306902	306902	25												7501611								
306912	306912	25												7501621								
306922	306922	25												7501631								
306932	306932	25												7501641								
306942	306942	25												7501651								
306951	306951	70												7501701								
306961	306961	70												7501711								
306971	306971	70												7501721								
306981	306981	70												7501731								
306991	306991	70												7501741								
307001	307001	70												7501751								
307012	307012	25												7501801								
307022	307022	25												7501811								
307032	307032	25												7501821								
307042	307042	25												7501831								
307052	307052	25												7501841								
307062	307062	25												7501851								
307072	307072	25												7501901								
307082	307082	25												7501911								
307092	307092	25												7501921								
307102	307102	25												7501931								
307112	307112	25												7501941								
307122	307122	25												7501951								
307132	307132	25												7600101								
307142	307142	25												7600201								
307152	307152	25												7600301								
307162	307162	25												7600401								
307172	307172	25												7600501								
307182	307182	25												7600601								
307192	307192	25												7600701								
307201	307201	70												7600801								
307212	307212	25												7600901								
307223	307223	5												7601001								
307231	307231	70												7601101								
307241	307241	70												7601201								
307252	307252	25												7700101								
307261	307261	70												7700201								
307272	307272	25												7700301								
307283	307283	5												7700401								
307292	307292	25												7700501								
307301	307301	70												7700601								
307313	307313	5												7700701								
307322	307322	25												7700801								
307331	307331	70												7700901								
307342	307342	25												7701001								
307352	307352	25												7701101								
307362	307362	25												7701201								
307373	307373	5												7701301								
307381	307381	70												7701401								
307392	307392	25												7701501								
307401	307401	70												7701601								
307412	307412	25												7701701								
307422	307422	25												7701801								
307431	307431	70												7800101								
307441	307441	70												7800201								
307451	307451	70												7800301								
307462	307462	25												7800501								
307472	307472	25												7800511								
307482	307482	25												7800521								
307492	307492	25												7800531								
307502	307502	25												7800541								
307512	307512	25												7800551								
307522	307522	25												7800561								
307532	307532	25												7800571								
307542	307542	25												7800581								
307552	307552	25												7800591								
307563	307563	5												7800601								
307573	307573	5												7800611								
307583	307583	5												7800621								
307593	307593	5												7800631								
307603	307603	5												7800641								
307613	307613	5												7800651								
307623	307623	5												7800661								
307633	307633	5												7800671								
307643	307643	5												7800681								
307653	307653	5												7800691								
307662	307662	25												7800701								
307672	307672	25												7800711								
307682	307682	25												7800721								
307692	307692	25												7800731								
307702	307702	25												7800741								
307712	307712	25												7800751								
307722	307722	25												7800761								
307732	307732	25												7800771								
307742	307742	25												7800781								
307752	307752	25												7800791								
307763	307763	5												7800801								
307773	307773	5												7800811								
307783	307783	5												7800821								
307793	307793	5												7800831								
307803	307803	5												7800841								
307813	307813	5												7800851								
307823	307823	5												7800861								
307833	307833	5												7800871								
307843	307843	5												7800881								
307853	307853	5												7800891								
307862	307862	25												7800901								
307872	307872	25												7800911								
307882	307882	25												7800921								
307892	307892	25												7800931								
307902	307902	25												7800941								
307912	307912	25												7800951								
307922	307922	25												7800961								
307932	307932	25												7800971								
307942	307942	25												7800981								
307952	307952	25												7800991								
307963	307963	5												7801001								
307973	307973	5												7801011								
307983	307983	5												7801021								
307993	307993	5												7801031								
308003	308003	5												7801041								
308013	308013	5												7801051								
308023	308023	5												7801061								
308033	308033	5												7801071								
308043	308043	5												7801081								
308053	308053	5												7801091								
308061	308061	70												7801101								
308071	308071	70												7801111								
308081	308081	70												7801121								
308091	308091	70												7801131								
308101	308101	70												7801141								
308111	308111	70												7801151								
308121	308121	70												7801161								
308131	308131	70												7801171								
308141	308141	70												7801181								
308151	308151	70												7801191								
308162	308162	25												7801201								
308172	308172	25												7801211								
308182	308182	25												7801221								
308192	308192	25												7801231								
308202	308202	25												7801241								
308212	308212	25												7801251								
308222	308222	25												7801261								
308232	308232	25												7801271								
308242	308242	25												7801281								
308252	308252	25												7801291								
308261	308261	70												7850001								
308271	308271	70												7850011								
308281	308281	70												7850021								
308291	308291	70												7850031								
308301	308301	70												7850041								
308311	308311	70												7850051								
308321	308321	70												7850061								
308331	308331	70												7850071								
308341	308341	70												7850081								
308351	308351	70												7850091								
308361	308361	70												7850101								
308371	308371	70												7850111								
308381	308381	70												7850121								
308391	308391	70												7850131								
308401	308401	70												7850141								
308411	308411	70												7850151								
308421	308421	70												7850161								
308431	308431	70												7850171								
308441	308441	70												7850181								
308451	308451	70												7850191								
308462	308462	25												7900101								
308471	308471	70												7900201								
308481	308481	70												7900301								
308491	308491	70												7900401								
308501	308501	70												7900501								
308511	308511	70												7900601								
308522	308522	25												7900701								
308531	308531	70												7900801								
308541	308541	70												7900901								
308552	308552	25												7901001								
308561	308561	70												7901101								
308571	308571	70												7901201								
308581	308581	70												7901301								
308592	308592	25												7901401								
308602	308602	25												7901501								
308612	308612	25												7901601								
308621	308621	70												7901701								
308631	308631	70												7901801								
308642	308642	25												7901901								
308652	308652	25												7902001								
308661	308661	70												7902101								
308672	308672	25												7902201								
308682	308682	25												7902301								
308692	308692	25												7902401								
308702	308702	25												7902501								
308713	308713	5												7902601								
308723	308723	5												7902701								
308733	308733	5												7902801								
308743	308743	5												7902901								
308753	308753	5												7903001								
308763	308763	5												7903101								
308771	308771	70												7903201								
308783	308783	5												7903301								
308791	308791	70												7903401								
308801	308801	70												7903501								
308811	308811	70												7903601								
308821	308821	70												7903701								
308831	308831	70												7903801								
308841	308841	70												7903901								
308853	308853	5												7904001								
308862	308862	25												7904101								
308871	308871	70												7904201								
308881	308881	70												7904301								
308891	308891	70												7904401								
308901	308901	70												7904501								
308912	308912	25												7904601								
308922	308922	25												7907201								
308931	308931	70												7907301								
308941	308941	70												7907311								
308951	308951	70												7907321								
308961	308961	70												7907331								
308971	308971	70												7907341								
308981	308981	70												7907351								
308991	308991	70												7907361								
309001	309001	70												7907371								
309011	309011	70												7907381								
309021	309021	70												7907391								
309031	309031	70												7907501								
309041	309041	70												7907511								
309051	309051	70												7907521								
309061	309061	70												7907531								
309071	309071	70												7907541								
309081	309081	70												7907551								
309091	309091	70												7907561								
309101	309101	70												7907571								
309111	309111	70												7907581								
309121	309121	70												7907591								
309131	309131	70												7907601								
309141	309141	70												7907611								
309151	309151	70												7907621								
309161	309161	70												7907631								
309171	309171	70												7907641								
309181	309181	70												7907651								
309191	309191	70												7907661								
309201	309201	70												7907671								
309211	309211	70												7907681								
309221	309221	70												7907691								
309232	309232	25												7907701								
309242	309242	25												7907711								
309252	309252	25												7907721								
309262	309262	25												7907731								
309272	309272	25												7907741								
309282	309282	25												7907751								
309292	309292	25												7907761								
309302	309302	25												7907771								
309312	309312	25												7907781								
309322	309322	25												7907791								
309332	309332	25												7907801								
309342	309342	25												7907811								
309352	309352	25												7907821								
309362	309362	25												7907831								
309372	309372	25												7907841								
309382	309382	25												7907851								
309392	309392	25												7907861								
309402	309402	25												7907871								
309412	309412	25												7907881								
309422	309422	25												7907891								
309432	309432	25												7907901								
309442	309442	25												7907911								
309452	309452	25												7907921								
309462	309462	25												7907931								
309472	309472	25												7907941								
309482	309482	25												7907951								
309492	309492	25												7907961								
309502	309502	25												7907971								
309512	309512	25												7907981								
309522	309522	25												7907991								
309531	309531	70												7908001								
309541	309541	70												7908011								
309551	309551	70												7908021								
309561	309561	70												7908031								
309571	309571	70												7908041								
309581	309581	70												7908051								
309591	309591	70												7908061								
309601	309601	70												7908071								
309611	309611	70												7908081								
309621	309621	70												7908091								
309632	309632	25												7908101								
309643	309643	5												7908201								
309653	309653	5												7908211								
309663	309663	5												7908221								
309673	309673	5												7908231								
309683	309683	5												7908241								
309693	309693	5												7908251								
309703	309703	5												7908261								
309713	309713	5												7908271								
309723	309723	5												7908281								
309733	309733	5												7908291								
309741	309741	70												7908301								
309751	309751	70												7908311								
309761	309761	70												7908321								
309771	309771	70												7908331								
309781	309781	70												7908341								
309791	309791	70												7908351								
309801	309801	70												7908361								
309811	309811	70												7908371								
309821	309821	70												7908381								
309831	309831	70												7908391								
309841	309841	70												7908401								
309851	309851	70												7908411								
309861	309861	70												7908421								
309871	309871	70												7908431								
309881	309881	70												7908441								
309891	309891	70												7908451								
309901	309901	70												7908461								
309911	309911	70												7908471								
309921	309921	70												7908481								
309931	309931	70												7908491								
309941	309941	70												7908501								
309951	309951	70												7908511								
309961	309961	70												7908521								
309971	309971	70												7908531								
309981	309981	70												7908541								
309991	309991	70												7908551								
310001	310001	70												7908561								
310011	310011	70												7908571								
310021	310021	70												7908581								
310031	310031	70												7908591								
310041	310041	70												7908601								
310051	310051	70												7908611								
310061	310061	70												7908621								
310071	310071	70												7908631								
310081	310081	70												7908641								
310091	310091	70												7908651								
310101	310101	70												7908661								
310111	310111	70												7908671								
310121	310121	70												7908681								
310131	310131	70												7908691								
310141	310141	70												7908701								
310151	310151	70												7908711								
310161	310161	70												7908721								
310171	310171	70												7908731								
310181	310181	70												7908741								
310191	310191	70												7908751								
310201	310201	70												7908761								
310211	310211	70												7908771								
310221	310221	70												7908781								
310231	310231	70												7908791								
310242	310242	25												7908801								
310252	310252	25												7908811								
310262	310262	25												7908821								
310272	310272	25												7908831								
310282	310282	25												7908841								
310292	310292	25												7908851								
310302	310302	25												7908861								
310312	310312	25												7908871								
310322	310322	25												7908881								
310332	310332	25												7908891								
310342	310342	25												7908901								
310352	310352	25												7908911								
310362	310362	25												7908921								
310372	310372	25												7908931								
310382	310382	25												7908941								
310392	310392	25												7908951								
310402	310402	25												7908961								
310412	310412	25												7908971								
310422	310422	25												7908981								
310432	310432	25												7908991								
310443	310443	5												7909001								
310453	310453	5												7909011								
310463	310463	5												7909021								
310473	310473	5												7909031								
310483	310483	5												7909041								
310493	310493	5												7909051								
310503	310503	5												7909061								
310513	310513	5												7909071								
310523	310523	5												7909081								
310533	310533	5												7909091								
310543	310543	5												7909101								
310553	310553	5												7909111								
310563	310563	5												7909121								
310573	310573	5												7909131								
310583	310583	5												7909141								
310593	310593	5												7909151								
310603	310603	5												7909161								
310613	310613	5												7909171								
310623	310623	5												7909181								
310633	310633	5												7909191								
310641	310641	70												7909401								
310651	310651	70												7909411								
310661	310661	70												7909421								
310671	310671	70												7909431								
310681	310681	70												7909441								
310691	310691	70												7909451								
310701	310701	70												7909461								
310711	310711	70												7909471								
310721	310721	70												7909481								
310731	310731	70												7909491								
310741	310741	70												7909501								
310751	310751	70												7909511								
310761	310761	70												7909521								
310771	310771	70												7909531								
310781	310781	70												7909541								
310791	310791	70												7909551								
310801	310801	70												7909561								
310811	310811	70												7909571								
310821	310821	70												7909581								
310831	310831	70												7909591								
310842	310842	25												7909601								
310852	310852	25												7909611								
310862	310862	25												7909621								
310872	310872	25												7909631								
310882	310882	25												7909641								
310892	310892	25												7909651								
310902	310902	25												7909661								
310912	310912	25												7909671								
310922	310922	25												7909681								
310932	310932	25												7909691								
310942	310942	25												7909701								
310952	310952	25												7909711								
310962	310962	25												7909721								
310972	310972	25												7909731								
310982	310982	25												7909741								
310992	310992	25												7909751								
311002	311002	25												7909761								
311012	311012	25												7909771								
311022	311022	25												7909781								
311032	311032	25												7909791								
311042	311042	25												7909801								
311052	311052	25												7909811								
311062	311062	25												7909821								
311072	311072	25												7909831								
311082	311082	25												7909841								
311092	311092	25												7909851								
311102	311102	25												7909861								
311112	311112	25												7909871								
311122	311122	25												7909881								
311132	311132	25												7909891								
311142	311142	25												7909901								
311152	311152	25												7909911								
311162	311162	25												7909921								
311172	311172	25												7909931								
311182	311182	25												7909941								
311192	311192	25												7909951								
311202	311202	25												7909961								
311212	311212	25												7909971								
311222	311222	25												7909981								
311232	311232	25												7909991								
311243	311243	5												7910001								
311253	311253	5												7910011								
311263	311263	5												7910021								
311273	311273	5												7910031								
311283	311283	5												7910041								
311293	311293	5												7910051								
311303	311303	5												7910061								
311313	311313	5												7910071								
311323	311323	5												7910081								
311333	311333	5												7910091								
311342	311342	25												7910101								
311352	311352	25												7910111								
311362	311362	25												7910121								
311372	311372	25												7910131								
311382	311382	25												7910141								
311392	311392	25												7910151								
311402	311402	25												7910161								
311412	311412	25												7910171								
311422	311422	25												7910181								
311432	311432	25												7910191								
311442	311442	25												7910201								
311452	311452	25												7910211								
311462	311462	25												7910221								
311472	311472	25												7910231								
311482	311482	25												7910241								
311492	311492	25												7910251								
311502	311502	25												7910261								
311512	311512	25												7910271								
311522	311522	25												7910281								
311532	311532	25												7910291								
311541	311541	70												7910901								
311551	311551	70												7913601								
311561	311561	70												7913701								
311571	311571	70												7913801								
311581	311581	70												7915401								
311591	311591	70												7915411								
311601	311601	70												7915421								
311611	311611	70												7915431								
311621	311621	70												7915441								
311631	311631	70												7915451								
311641	311641	70												7915461								
311651	311651	70												7915471								
311661	311661	70												6201211								
311662	311662	25												6201211								
311663	311663	5												6201211								
311671	311671	70												6201221								
311672	311672	25												6201221								
311673	311673	5												6201221								
311681	311681	70												6201231								
311682	311682	25												6201231								
311683	311683	5												6201231								
311691	311691	70												6201241								
311692	311692	25												6201241								
311693	311693	5												6201241								
311701	311701	70												6201251								
311702	311702	25												6201251								
311703	311703	5												6201251								
311711	311711	70												6201261								
311712	311712	25												6201261								
311713	311713	5												6201261								
311722	311722	25												7104601								
311732	311732	25												7104611								
311742	311742	25												7502001								
311752	311752	25												7502011								
311762	311762	25												7850201								
311772	311772	25												7850301								
311782	311782	25												7913901								
311792	311792	25												7914001								
311803	311803	5												7916701								
311813	311813	5												7916711								
311821	311821	70												6201271								
311822	311822	25												6201271								
311823	311823	5												6201271								
311831	311831	70												6201281								
311832	311832	25												6201281								
311833	311833	5												6201281								
311841	311841	70												6201291								
311842	311842	25												6201291								
311843	311843	5												6201291								
311851	311851	70												6201301								
311852	311852	25												6201301								
311853	311853	5												6201301								
311861	311861	70												6201311								
311862	311862	25												6201311								
311863	311863	5												6201311								
311871	311871	70												6201321								
311872	311872	25												6201321								
311873	311873	5												6201321								
311882	311882	25												7203101								
311892	311892	25												7203111								
311903	311903	5												7801401								
311913	311913	5												7917101								
311922	311922	25												7917201								
311932	311932	25												7917211								
311943	311943	5												7917301								
311952	311952	25												7917401								
311962	311962	25												7917411								
311971	311971	70												6201331								
311972	311972	25												6201331								
311973	311973	5												6201331								
311981	311981	70												6201341								
311982	311982	25												6201341								
311983	311983	5												6201341								
311991	311991	70												6201351								
311992	311992	25												6201351								
311993	311993	5												6201351								
312001	312001	70												6201361								
312002	312002	25												6201361								
312003	312003	5												6201361								
312011	312011	70												6201371								
312012	312012	25												6201371								
312013	312013	5												6201371								
312021	312021	70												6201381								
312022	312022	25												6201381								
312023	312023	5												6201381								
312031	312031	70												6201391								
312032	312032	25												6201391								
312033	312033	5												6201391								
312043	312043	5												7302101								
312053	312053	5												7302111								
312063	312063	5												7918501								
312073	312073	5												7918511								
312083	312083	5												7918101								
312093	312093	5												7918111								
312103	312103	5												7918301								
312113	312113	5												7918311								
312122	312122	25												7917601								
312132	312132	25												7917611								
312142	312142	25												7203201								
312152	312152	25												7203211								
312162	312162	25												7850701								
312172	312172	25												7850711								
401011	401011	70													1011							
401012	401012	25													1011							
401013	401013	5													1011							
401021	401021	70													1021							
401022	401022	25													1021							
401023	401023	5													1021							
401031	401031	70													1031							
401032	401032	25													1031							
401033	401033	5													1031							
401041	401041	70													1041							
401042	401042	25													1041							
401043	401043	5													1041							
401051	401051	70													1051							
401052	401052	25													1051							
401053	401053	5													1051							
402011	402011	70														1						
402012	402012	25														1						
402013	402013	5														1						
402021	402021	70														2						
402022	402022	25														2						
402023	402023	5														2						
402031	402031	70														3						
402032	402032	25														3						
402033	402033	5														3						
402041	402041	70														4						
402042	402042	25														4						
402043	402043	5														4						
402051	402051	70														5						
402052	402052	25														5						
402053	402053	5														5						
403011	403011	70															1					
403012	403012	25															1					
403013	403013	5															1					
403021	403021	70															2					
403022	403022	25															2					
403023	403023	5															2					
403031	403031	70															3					
403032	403032	25															3					
403033	403033	5															3					
403041	403041	70															4					
403042	403042	25															4					
403043	403043	5															4					
403051	403051	70															5					
403052	403052	25															5					
403053	403053	5															5					
403061	403061	70															6					
403062	403062	25															6					
403063	403063	5															6					
403071	403071	70															7					
403072	403072	25															7					
403073	403073	5															7					
403081	403081	70															8					
403082	403082	25															8					
403083	403083	5															8					
403091	403091	70															9					
403092	403092	25															9					
403093	403093	5															9					
403101	403101	70															10					
403102	403102	25															10					
403103	403103	5															10					
403111	403111	70															11					
403112	403112	25															11					
403113	403113	5															11					
403121	403121	70															12					
403122	403122	25															12					
403123	403123	5															12					
404011	404011	70																1				
404012	404012	25																1				
404013	404013	5																1				
404021	404021	70																2				
404022	404022	25																2				
404023	404023	5																2				
404031	404031	70																3				
404032	404032	25																3				
404033	404033	5																3				
404041	404041	70																4				
404042	404042	25																4				
404043	404043	5																4				
405011	405011	70																	1			
405012	405012	25																	1			
405013	405013	5																	1			
405021	405021	70																	2			
405022	405022	25																	2			
405023	405023	5																	2			
405031	405031	70																	3			
405032	405032	25																	3			
405033	405033	5																	3			
405041	405041	70																	4			
405042	405042	25																	4			
405043	405043	5																	4			
405051	405051	70																	5			
405052	405052	25																	5			
405053	405053	5																	5			
405061	405061	70																	6			
405062	405062	25																	6			
405063	405063	5																	6			
405071	405071	70																	7			
405072	405072	25																	7			
405073	405073	5																	7			
406011	406011	70																		1		
406012	406012	25																		1		
406013	406013	5																		1		
406021	406021	70																		2		
406022	406022	25																		2		
406023	406023	5																		2		
406031	406031	70																		3		
406032	406032	25																		3		
406033	406033	5																		3		
406041	406041	70																		4		
406042	406042	25																		4		
406043	406043	5																		4		
406051	406051	70																		5		
406052	406052	25																		5		
406053	406053	5																		5		
406061	406061	70																		6		
406062	406062	25																		6		
406063	406063	5																		6		
406071	406071	70																		7		
406072	406072	25																		7		
406073	406073	5																		7		
406081	406081	70																		8		
406082	406082	25																		8		
406083	406083	5																		8		
406091	406091	70																		9		
406092	406092	25																		9		
406093	406093	5																		9		
406101	406101	70																		10		
406102	406102	25																		10		
406103	406103	5																		10		
406111	406111	70																		11		
406112	406112	25																		11		
406113	406113	5																		11		
406121	406121	70																		12		
406122	406122	25																		12		
406123	406123	5																		12		
406131	406131	70																		13		
406132	406132	25																		13		
406133	406133	5																		13		
406141	406141	70																		14		
406142	406142	25																		14		
406143	406143	5																		14		
406151	406151	70																		15		
406152	406152	25																		15		
406153	406153	5																		15		
406161	406161	70																		16		
406162	406162	25																		16		
406163	406163	5																		16		
406171	406171	70																		17		
406172	406172	25																		17		
406173	406173	5																		17		
406181	406181	70																		18		
406182	406182	25																		18		
406183	406183	5																		18		
406191	406191	70																		19		
406192	406192	25																		19		
406193	406193	5																		19		
406201	406201	70																		20		
406202	406202	25																		20		
406203	406203	5																		20		
406211	406211	70																		21		
406212	406212	25																		21		
406213	406213	5																		21		
406221	406221	70																		22		
406222	406222	25																		22		
406223	406223	5																		22		
406231	406231	70																		23		
406232	406232	25																		23		
406233	406233	5																		23		
406241	406241	70																		24		
406242	406242	25																		24		
406243	406243	5																		24		
406251	406251	70																		25		
406252	406252	25																		25		
406253	406253	5																		25		
406261	406261	70																		26		
406262	406262	25																		26		
406263	406263	5																		26		
406271	406271	70																		27		
406272	406272	25																		27		
406273	406273	5																		27		
406281	406281	70																		28		
406282	406282	25																		28		
406283	406283	5																		28		
406291	406291	70																		29		
406292	406292	25																		29		
406293	406293	5																		29		
406301	406301	70																		30		
406302	406302	25																		30		
406303	406303	5																		30		
406311	406311	70																		31		
406312	406312	25																		31		
406313	406313	5																		31		
406321	406321	70																		32		
406322	406322	25																		32		
406323	406323	5																		32		
406331	406331	70																		33		
406332	406332	25																		33		
406333	406333	5																		33		
406341	406341	70																		34		
406342	406342	25																		34		
406343	406343	5																		34		
406351	406351	70																		35		
406352	406352	25																		35		
406353	406353	5																		35		
406361	406361	70																		36		
406362	406362	25																		36		
406363	406363	5																		36		
406371	406371	70																		37		
406372	406372	25																		37		
406373	406373	5																		37		
406381	406381	70																		38		
406382	406382	25																		38		
406383	406383	5																		38		
406391	406391	70																		39		
406392	406392	25																		39		
406393	406393	5																		39		
406401	406401	70																		40		
406402	406402	25																		40		
406403	406403	5																		40		
406411	406411	70																		41		
406412	406412	25																		41		
406413	406413	5																		41		
406421	406421	70																		42		
406422	406422	25																		42		
406423	406423	5																		42		
406431	406431	70																		43		
406432	406432	25																		43		
406433	406433	5																		43		
406441	406441	70																		44		
406442	406442	25																		44		
406443	406443	5																		44		
406451	406451	70																		45		
406452	406452	25																		45		
406453	406453	5																		45		
406461	406461	70																		46		
406462	406462	25																		46		
406463	406463	5																		46		
406471	406471	70																		47		
406472	406472	25																		47		
406473	406473	5																		47		
406481	406481	70																		48		
406482	406482	25																		48		
406483	406483	5																		48		
406491	406491	70																		49		
406492	406492	25																		49		
406493	406493	5																		49		
406501	406501	70																		50		
406502	406502	25																		50		
406503	406503	5																		50		
406511	406511	70																		51		
406512	406512	25																		51		
406513	406513	5																		51		
406521	406521	70																		52		
406522	406522	25																		52		
406523	406523	5																		52		
406531	406531	70																		53		
406532	406532	25																		53		
406533	406533	5																		53		
406541	406541	70																		54		
406542	406542	25																		54		
406543	406543	5																		54		
406551	406551	70																		55		
406552	406552	25																		55		
406553	406553	5																		55		
406561	406561	70																		56		
406562	406562	25																		56		
406563	406563	5																		56		
406571	406571	70																		57		
406572	406572	25																		57		
406573	406573	5																		57		
406581	406581	70																		58		
406582	406582	25																		58		
406583	406583	5																		58		
406591	406591	70																		59		
406592	406592	25																		59		
406593	406593	5																		59		
406601	406601	70																		60		
406602	406602	25																		60		
406603	406603	5																		60		
406611	406611	70																		61		
406612	406612	25																		61		
406613	406613	5																		61		
406621	406621	70																		62		
406622	406622	25																		62		
406623	406623	5																		62		
406631	406631	70																		63		
406632	406632	25																		63		
406633	406633	5																		63		
406641	406641	70																		64		
406642	406642	25																		64		
406643	406643	5																		64		
406651	406651	70																		65		
406652	406652	25																		65		
406653	406653	5																		65		
406661	406661	70																		66		
406662	406662	25																		66		
406663	406663	5																		66		
406671	406671	70																		67		
406672	406672	25																		67		
406673	406673	5																		67		
406681	406681	70																		68		
406682	406682	25																		68		
406683	406683	5																		68		
406691	406691	70																		69		
406692	406692	25																		69		
406693	406693	5																		69		
406701	406701	70																		70		
406702	406702	25																		70		
406703	406703	5																		70		
406711	406711	70																		71		
406712	406712	25																		71		
406713	406713	5																		71		
406721	406721	70																		72		
406722	406722	25																		72		
406723	406723	5																		72		
406731	406731	70																		73		
406732	406732	25																		73		
406733	406733	5																		73		
406741	406741	70																		74		
406742	406742	25																		74		
406743	406743	5																		74		
406751	406751	70																		75		
406752	406752	25																		75		
406753	406753	5																		75		
406761	406761	70																		76		
406762	406762	25																		76		
406763	406763	5																		76		
406771	406771	70																		77		
406772	406772	25																		77		
406773	406773	5																		77		
406781	406781	70																		78		
406782	406782	25																		78		
406783	406783	5																		78		
406791	406791	70																		79		
406792	406792	25																		79		
406793	406793	5																		79		
406801	406801	70																		80		
406802	406802	25																		80		
406803	406803	5																		80		
406811	406811	70																		81		
406812	406812	25																		81		
406813	406813	5																		81		
406821	406821	70																		82		
406822	406822	25																		82		
406823	406823	5																		82		
406831	406831	70																		83		
406832	406832	25																		83		
406833	406833	5																		83		
406841	406841	70																		84		
406842	406842	25																		84		
406843	406843	5																		84		
406851	406851	70																		85		
406852	406852	25																		85		
406853	406853	5																		85		
406861	406861	70																		86		
406862	406862	25																		86		
406863	406863	5																		86		
406871	406871	70																		87		
406872	406872	25																		87		
406873	406873	5																		87		
406881	406881	70																		88		
406882	406882	25																		88		
406883	406883	5																		88		
406891	406891	70																		89		
406892	406892	25																		89		
406893	406893	5																		89		
406901	406901	70																		90		
406902	406902	25																		90		
406903	406903	5																		90		
406911	406911	70																		91		
406912	406912	25																		91		
406913	406913	5																		91		
