card_id	seq	material1	material2	material3	material4	material5	value
10001	1	1010001					50
10001	2	1010001					50
10001	3	1010001					50
10001	4	1010001					50
10002	1	1010002					50
10002	2	1010002					50
10002	3	1010002					50
10002	4	1010002					50
10003	1	1010003					50
10003	2	1010003					50
10003	3	1010003					50
10003	4	1010003					50
10004	1	1010004					50
10004	2	1010004					50
10004	3	1010004					50
10004	4	1010004					50
10005	1	1010005					50
10005	2	1010005					50
10005	3	1010005					50
10005	4	1010005					50
10006	1	1010006					50
10006	2	1010006					50
10006	3	1010006					50
10006	4	1010006					50
10007	1	1010007					50
10007	2	1010007					50
10007	3	1010007					50
10007	4	1010007					50
10008	1	1010008					50
10008	2	1010008					50
10008	3	1010008					50
10008	4	1010008					50
10009	1	1010009					50
10009	2	1010009					50
10009	3	1010009					50
10009	4	1010009					50
10010	1	1010010					50
10010	2	1010010					50
10010	3	1010010					50
10010	4	1010010					50
10011	1	1010011					50
10011	2	1010011					50
10011	3	1010011					50
10011	4	1010011					50
10012	1	1010012					50
10012	2	1010012					50
10012	3	1010012					50
10012	4	1010012					50
10013	1	1010013					50
10013	2	1010013					50
10013	3	1010013					50
10013	4	1010013					50
10014	1	1010014					50
10014	2	1010014					50
10014	3	1010014					50
10014	4	1010014					50
10015	1	1010015					50
10015	2	1010015					50
10015	3	1010015					50
10015	4	1010015					50
10016	1	1010016					50
10016	2	1010016					50
10016	3	1010016					50
10016	4	1010016					50
10017	1	1010017					50
10017	2	1010017					50
10017	3	1010017					50
10017	4	1010017					50
10018	1	1010018					50
10018	2	1010018					50
10018	3	1010018					50
10018	4	1010018					50
10019	1	1010019					50
10019	2	1010019					50
10019	3	1010019					50
10019	4	1010019					50
10020	1	1010020					50
10020	2	1010020					50
10020	3	1010020					50
10020	4	1010020					50
10021	1	1010021					50
10021	2	1010021					50
10021	3	1010021					50
10021	4	1010021					50
10022	1	1010022					50
10022	2	1010022					50
10022	3	1010022					50
10022	4	1010022					50
10023	1	1010023					50
10023	2	1010023					50
10023	3	1010023					50
10023	4	1010023					50
10024	1	1010024					50
10024	2	1010024					50
10024	3	1010024					50
10024	4	1010024					50
10025	1	1010025					50
10025	2	1010025					50
10025	3	1010025					50
10025	4	1010025					50
10026	1	1010026					50
10026	2	1010026					50
10026	3	1010026					50
10026	4	1010026					50
10027	1	1010027					50
10027	2	1010027					50
10027	3	1010027					50
10027	4	1010027					50
10028	1	1010028					50
10028	2	1010028					50
10028	3	1010028					50
10028	4	1010028					50
10029	1	1010029					50
10029	2	1010029					50
10029	3	1010029					50
10029	4	1010029					50
10030	1	1010030					50
10030	2	1010030					50
10030	3	1010030					50
10030	4	1010030					50
10031	1	1010031					50
10031	2	1010031					50
10031	3	1010031					50
10031	4	1010031					50
10032	1	1010032					50
10032	2	1010032					50
10032	3	1010032					50
10032	4	1010032					50
10033	1	1010033					50
10033	2	1010033					50
10033	3	1010033					50
10033	4	1010033					50
10034	1	1010034					50
10034	2	1010034					50
10034	3	1010034					50
10034	4	1010034					50
10035	1	1010035					50
10035	2	1010035					50
10035	3	1010035					50
10035	4	1010035					50
10036	1	1010036					50
10036	2	1010036					50
10036	3	1010036					50
10036	4	1010036					50
10037	1	1010037					50
10037	2	1010037					50
10037	3	1010037					50
10037	4	1010037					50
10038	1	1010038					50
10038	2	1010038					50
10038	3	1010038					50
10038	4	1010038					50
10039	1	1010039					50
10039	2	1010039					50
10039	3	1010039					50
10039	4	1010039					50
10040	1	1010040					50
10040	2	1010040					50
10040	3	1010040					50
10040	4	1010040					50
10041	1	1010041					50
10041	2	1010041					50
10041	3	1010041					50
10041	4	1010041					50
10042	1	1010042					50
10042	2	1010042					50
10042	3	1010042					50
10042	4	1010042					50
10043	1	1010043					50
10043	2	1010043					50
10043	3	1010043					50
10043	4	1010043					50
10044	1	1010044					50
10044	2	1010044					50
10044	3	1010044					50
10044	4	1010044					50
10045	1	1010045					50
10045	2	1010045					50
10045	3	1010045					50
10045	4	1010045					50
10046	1	1010046					50
10046	2	1010046					50
10046	3	1010046					50
10046	4	1010046					50
10047	1	1010047					50
10047	2	1010047					50
10047	3	1010047					50
10047	4	1010047					50
10048	1	1010048					50
10048	2	1010048					50
10048	3	1010048					50
10048	4	1010048					50
10049	1	1010049					50
10049	2	1010049					50
10049	3	1010049					50
10049	4	1010049					50
10050	1	1010050					50
10050	2	1010050					50
10050	3	1010050					50
10050	4	1010050					50
10051	1	1010051					50
10051	2	1010051					50
10051	3	1010051					50
10051	4	1010051					50
10052	1	1010052					50
10052	2	1010052					50
10052	3	1010052					50
10052	4	1010052					50
10053	1	1010053					50
10053	2	1010053					50
10053	3	1010053					50
10053	4	1010053					50
10054	1	1010054					50
10054	2	1010054					50
10054	3	1010054					50
10054	4	1010054					50
10055	1	1010055					50
10055	2	1010055					50
10055	3	1010055					50
10055	4	1010055					50
10056	1	1010056					50
10056	2	1010056					50
10056	3	1010056					50
10056	4	1010056					50
10057	1	1010057					50
10057	2	1010057					50
10057	3	1010057					50
10057	4	1010057					50
10058	1	1010058					50
10058	2	1010058					50
10058	3	1010058					50
10058	4	1010058					50
10059	1	1010059					50
10059	2	1010059					50
10059	3	1010059					50
10059	4	1010059					50
10060	1	1010060					50
10060	2	1010060					50
10060	3	1010060					50
10060	4	1010060					50
10061	1	1010061					50
10061	2	1010061					50
10061	3	1010061					50
10061	4	1010061					50
10062	1	1010062					50
10062	2	1010062					50
10062	3	1010062					50
10062	4	1010062					50
10063	1	1010063					50
10063	2	1010063					50
10063	3	1010063					50
10063	4	1010063					50
10064	1	1010064					50
10064	2	1010064					50
10064	3	1010064					50
10064	4	1010064					50
10065	1	1010065					50
10065	2	1010065					50
10065	3	1010065					50
10065	4	1010065					50
10066	1	1010066					50
10066	2	1010066					50
10066	3	1010066					50
10066	4	1010066					50
10067	1	1010067					50
10067	2	1010067					50
10067	3	1010067					50
10067	4	1010067					50
10068	1	1010068					50
10068	2	1010068					50
10068	3	1010068					50
10068	4	1010068					50
10069	1	1010069					50
10069	2	1010069					50
10069	3	1010069					50
10069	4	1010069					50
10070	1	1010070					50
10070	2	1010070					50
10070	3	1010070					50
10070	4	1010070					50
10071	1	1010071					50
10071	2	1010071					50
10071	3	1010071					50
10071	4	1010071					50
10072	1	1010072					50
10072	2	1010072					50
10072	3	1010072					50
10072	4	1010072					50
10073	1	1010073					50
10073	2	1010073					50
10073	3	1010073					50
10073	4	1010073					50
10074	1	1010074					50
10074	2	1010074					50
10074	3	1010074					50
10074	4	1010074					50
10075	1	1010075					50
10075	2	1010075					50
10075	3	1010075					50
10075	4	1010075					50
10076	1	1010076					50
10076	2	1010076					50
10076	3	1010076					50
10076	4	1010076					50
10077	1	1010077					50
10077	2	1010077					50
10077	3	1010077					50
10077	4	1010077					50
10078	1	1010078					50
10078	2	1010078					50
10078	3	1010078					50
10078	4	1010078					50
10079	1	1010079					50
10079	2	1010079					50
10079	3	1010079					50
10079	4	1010079					50
10080	1	1010080					50
10080	2	1010080					50
10080	3	1010080					50
10080	4	1010080					50
10081	1	1010081					50
10081	2	1010081					50
10081	3	1010081					50
10081	4	1010081					50
10082	1	1010082					50
10082	2	1010082					50
10082	3	1010082					50
10082	4	1010082					50
10083	1	1010083					50
10083	2	1010083					50
10083	3	1010083					50
10083	4	1010083					50
10084	1	1010084					50
10084	2	1010084					50
10084	3	1010084					50
10084	4	1010084					50
10085	1	1010085					50
10085	2	1010085					50
10085	3	1010085					50
10085	4	1010085					50
10086	1	1010086					50
10086	2	1010086					50
10086	3	1010086					50
10086	4	1010086					50
10087	1	1010087					50
10087	2	1010087					50
10087	3	1010087					50
10087	4	1010087					50
10088	1	1010088					50
10088	2	1010088					50
10088	3	1010088					50
10088	4	1010088					50
10089	1	1010089					50
10089	2	1010089					50
10089	3	1010089					50
10089	4	1010089					50
10090	1	1010090					50
10090	2	1010090					50
10090	3	1010090					50
10090	4	1010090					50
10091	1	1010091					50
10091	2	1010091					50
10091	3	1010091					50
10091	4	1010091					50
10092	1	1010092					50
10092	2	1010092					50
10092	3	1010092					50
10092	4	1010092					50
10093	1	1010093					50
10093	2	1010093					50
10093	3	1010093					50
10093	4	1010093					50
10094	1	1010094					50
10094	2	1010094					50
10094	3	1010094					50
10094	4	1010094					50
10095	1	1010095					50
10095	2	1010095					50
10095	3	1010095					50
10095	4	1010095					50
10096	1	1010096					50
10096	2	1010096					50
10096	3	1010096					50
10096	4	1010096					50
10097	1	1010097					50
10097	2	1010097					50
10097	3	1010097					50
10097	4	1010097					50
10098	1	1010098					50
10098	2	1010098					50
10098	3	1010098					50
10098	4	1010098					50
10099	1	1010099					50
10099	2	1010099					50
10099	3	1010099					50
10099	4	1010099					50
10100	1	1010100					50
10100	2	1010100					50
10100	3	1010100					50
10100	4	1010100					50
10101	1	1010101					50
10101	2	1010101					50
10101	3	1010101					50
10101	4	1010101					50
10102	1	1010102					50
10102	2	1010102					50
10102	3	1010102					50
10102	4	1010102					50
10103	1	1010103					50
10103	2	1010103					50
10103	3	1010103					50
10103	4	1010103					50
10104	1	1010104					50
10104	2	1010104					50
10104	3	1010104					50
10104	4	1010104					50
10105	1	1010105					50
10105	2	1010105					50
10105	3	1010105					50
10105	4	1010105					50
10106	1	1010106					50
10106	2	1010106					50
10106	3	1010106					50
10106	4	1010106					50
10107	1	1010107					50
10107	2	1010107					50
10107	3	1010107					50
10107	4	1010107					50
10108	1	1010108					50
10108	2	1010108					50
10108	3	1010108					50
10108	4	1010108					50
10109	1	1010109					50
10109	2	1010109					50
10109	3	1010109					50
10109	4	1010109					50
10110	1	1010110					50
10110	2	1010110					50
10110	3	1010110					50
10110	4	1010110					50
10111	1	1010111					50
10111	2	1010111					50
10111	3	1010111					50
10111	4	1010111					50
10112	1	1010112					50
10112	2	1010112					50
10112	3	1010112					50
10112	4	1010112					50
10113	1	1010113					50
10113	2	1010113					50
10113	3	1010113					50
10113	4	1010113					50
10114	1	1010114					50
10114	2	1010114					50
10114	3	1010114					50
10114	4	1010114					50
10115	1	1010115					50
10115	2	1010115					50
10115	3	1010115					50
10115	4	1010115					50
10116	1	1010116					50
10116	2	1010116					50
10116	3	1010116					50
10116	4	1010116					50
10117	1	1010117					50
10117	2	1010117					50
10117	3	1010117					50
10117	4	1010117					50
10118	1	1010118					50
10118	2	1010118					50
10118	3	1010118					50
10118	4	1010118					50
10119	1	1010119					50
10119	2	1010119					50
10119	3	1010119					50
10119	4	1010119					50
10120	1	1010120					50
10120	2	1010120					50
10120	3	1010120					50
10120	4	1010120					50
10121	1	1010121					50
10121	2	1010121					50
10121	3	1010121					50
10121	4	1010121					50
10122	1	1010122					50
10122	2	1010122					50
10122	3	1010122					50
10122	4	1010122					50
10123	1	1010123					50
10123	2	1010123					50
10123	3	1010123					50
10123	4	1010123					50
10124	1	1010124					50
10124	2	1010124					50
10124	3	1010124					50
10124	4	1010124					50
10125	1	1010125					50
10125	2	1010125					50
10125	3	1010125					50
10125	4	1010125					50
10126	1	1010126					50
10126	2	1010126					50
10126	3	1010126					50
10126	4	1010126					50
10127	1	1010127					50
10127	2	1010127					50
10127	3	1010127					50
10127	4	1010127					50
10128	1	1010128					50
10128	2	1010128					50
10128	3	1010128					50
10128	4	1010128					50
10129	1	1010129					50
10129	2	1010129					50
10129	3	1010129					50
10129	4	1010129					50
10130	1	1010130					50
10130	2	1010130					50
10130	3	1010130					50
10130	4	1010130					50
10131	1	1010131					50
10131	2	1010131					50
10131	3	1010131					50
10131	4	1010131					50
10132	1	1010132					50
10132	2	1010132					50
10132	3	1010132					50
10132	4	1010132					50
10133	1	1010133					50
10133	2	1010133					50
10133	3	1010133					50
10133	4	1010133					50
10134	1	1010134					50
10134	2	1010134					50
10134	3	1010134					50
10134	4	1010134					50
10135	1	1010135					50
10135	2	1010135					50
10135	3	1010135					50
10135	4	1010135					50
10136	1	1010136					50
10136	2	1010136					50
10136	3	1010136					50
10136	4	1010136					50
10137	1	1010137					50
10137	2	1010137					50
10137	3	1010137					50
10137	4	1010137					50
10138	1	1010138					50
10138	2	1010138					50
10138	3	1010138					50
10138	4	1010138					50
10139	1	1010139					50
10139	2	1010139					50
10139	3	1010139					50
10139	4	1010139					50
10140	1	1010140					50
10140	2	1010140					50
10140	3	1010140					50
10140	4	1010140					50
10141	1	1010141					50
10141	2	1010141					50
10141	3	1010141					50
10141	4	1010141					50
10142	1	1010142					50
10142	2	1010142					50
10142	3	1010142					50
10142	4	1010142					50
10143	1	1010143					50
10143	2	1010143					50
10143	3	1010143					50
10143	4	1010143					50
10144	1	1010144					50
10144	2	1010144					50
10144	3	1010144					50
10144	4	1010144					50
10145	1	1010145					50
10145	2	1010145					50
10145	3	1010145					50
10145	4	1010145					50
10146	1	1010146					50
10146	2	1010146					50
10146	3	1010146					50
10146	4	1010146					50
10147	1	1010147					50
10147	2	1010147					50
10147	3	1010147					50
10147	4	1010147					50
10148	1	1010148					50
10148	2	1010148					50
10148	3	1010148					50
10148	4	1010148					50
10149	1	1010149					50
10149	2	1010149					50
10149	3	1010149					50
10149	4	1010149					50
10150	1	1010150					50
10150	2	1010150					50
10150	3	1010150					50
10150	4	1010150					50
10151	1	1010151					50
10151	2	1010151					50
10151	3	1010151					50
10151	4	1010151					50
10152	1	1010152					50
10152	2	1010152					50
10152	3	1010152					50
10152	4	1010152					50
10153	1	1010153					50
10153	2	1010153					50
10153	3	1010153					50
10153	4	1010153					50
10154	1	1010154					50
10154	2	1010154					50
10154	3	1010154					50
10154	4	1010154					50
10155	1	1010155					50
10155	2	1010155					50
10155	3	1010155					50
10155	4	1010155					50
10156	1	1010156					50
10156	2	1010156					50
10156	3	1010156					50
10156	4	1010156					50
10157	1	1010157					50
10157	2	1010157					50
10157	3	1010157					50
10157	4	1010157					50
10158	1	1010158					50
10158	2	1010158					50
10158	3	1010158					50
10158	4	1010158					50
10159	1	1010159					50
10159	2	1010159					50
10159	3	1010159					50
10159	4	1010159					50
10160	1	1010160					50
10160	2	1010160					50
10160	3	1010160					50
10160	4	1010160					50
10161	1	1010161					50
10161	2	1010161					50
10161	3	1010161					50
10161	4	1010161					50
10162	1	1010162					50
10162	2	1010162					50
10162	3	1010162					50
10162	4	1010162					50
10163	1	1010163					50
10163	2	1010163					50
10163	3	1010163					50
10163	4	1010163					50
10164	1	1010164					50
10164	2	1010164					50
10164	3	1010164					50
10164	4	1010164					50
10165	1	1010165					50
10165	2	1010165					50
10165	3	1010165					50
10165	4	1010165					50
10166	1	1000003					50
10166	2	1000003					50
10166	3	1000003					50
10166	4	1000003					50
10167	1	1000003					50
10167	2	1000003					50
10167	3	1000003					50
10167	4	1000003					50
10168	1	1000003					50
10168	2	1000003					50
10168	3	1000003					50
10168	4	1000003					50
10169	1	1000003					50
10169	2	1000003					50
10169	3	1000003					50
10169	4	1000003					50
10170	1	1000003					50
10170	2	1000003					50
10170	3	1000003					50
10170	4	1000003					50
10171	1	1000003					50
10171	2	1000003					50
10171	3	1000003					50
10171	4	1000003					50
10172	1	1000003					50
10172	2	1000003					50
10172	3	1000003					50
10172	4	1000003					50
10173	1	1000003					50
10173	2	1000003					50
10173	3	1000003					50
10173	4	1000003					50
10174	1	1000003					50
10174	2	1000003					50
10174	3	1000003					50
10174	4	1000003					50
10175	1	1000003					50
10175	2	1000003					50
10175	3	1000003					50
10175	4	1000003					50
10176	1	1010176					50
10176	2	1010176					50
10176	3	1010176					50
10176	4	1010176					50
10177	1	1010177					50
10177	2	1010177					50
10177	3	1010177					50
10177	4	1010177					50
10178	1	1010178					50
10178	2	1010178					50
10178	3	1010178					50
10178	4	1010178					50
10179	1	1010179					50
10179	2	1010179					50
10179	3	1010179					50
10179	4	1010179					50
10180	1	1010180					50
10180	2	1010180					50
10180	3	1010180					50
10180	4	1010180					50
10181	1	1010181					50
10181	2	1010181					50
10181	3	1010181					50
10181	4	1010181					50
10182	1	1010182					50
10182	2	1010182					50
10182	3	1010182					50
10182	4	1010182					50
10183	1	1000003					50
10183	2	1000003					50
10183	3	1000003					50
10183	4	1000003					50
10184	1	1000003					50
10184	2	1000003					50
10184	3	1000003					50
10184	4	1000003					50
10185	1	1000003					50
10185	2	1000003					50
10185	3	1000003					50
10185	4	1000003					50
10186	1	1000003					50
10186	2	1000003					50
10186	3	1000003					50
10186	4	1000003					50
10187	1	1000003					50
10187	2	1000003					50
10187	3	1000003					50
10187	4	1000003					50
10188	1	1000003					50
10188	2	1000003					50
10188	3	1000003					50
10188	4	1000003					50
10189	1	1000003					50
10189	2	1000003					50
10189	3	1000003					50
10189	4	1000003					50
10190	1	1000003					50
10190	2	1000003					50
10190	3	1000003					50
10190	4	1000003					50
10191	1	1010191					50
10191	2	1010191					50
10191	3	1010191					50
10191	4	1010191					50
10192	1	1010192					50
10192	2	1010192					50
10192	3	1010192					50
10192	4	1010192					50
10193	1	1010193					50
10193	2	1010193					50
10193	3	1010193					50
10193	4	1010193					50
10194	1	1010194					50
10194	2	1010194					50
10194	3	1010194					50
10194	4	1010194					50
10195	1	1010195					50
10195	2	1010195					50
10195	3	1010195					50
10195	4	1010195					50
10196	1	1010196					50
10196	2	1010196					50
10196	3	1010196					50
10196	4	1010196					50
10197	1	1010197					50
10197	2	1010197					50
10197	3	1010197					50
10197	4	1010197					50
10198	1	1010198					50
10198	2	1010198					50
10198	3	1010198					50
10198	4	1010198					50
10199	1	1010199					50
10199	2	1010199					50
10199	3	1010199					50
10199	4	1010199					50
10200	1	1010200					50
10200	2	1010200					50
10200	3	1010200					50
10200	4	1010200					50
10201	1	1010201					50
10201	2	1010201					50
10201	3	1010201					50
10201	4	1010201					50
10202	1	1010202					50
10202	2	1010202					50
10202	3	1010202					50
10202	4	1010202					50
10203	1	1010203					50
10203	2	1010203					50
10203	3	1010203					50
10203	4	1010203					50
10204	1	1010204					50
10204	2	1010204					50
10204	3	1010204					50
10204	4	1010204					50
10205	1	1010205					50
10205	2	1010205					50
10205	3	1010205					50
10205	4	1010205					50
10231	1	1010231					50
10231	2	1010231					50
10231	3	1010231					50
10231	4	1010231					50
10232	1	1010232					50
10232	2	1010232					50
10232	3	1010232					50
10232	4	1010232					50
10233	1	1010233					50
10233	2	1010233					50
10233	3	1010233					50
10233	4	1010233					50
10234	1	1010234					50
10234	2	1010234					50
10234	3	1010234					50
10234	4	1010234					50
10235	1	1010235					50
10235	2	1010235					50
10235	3	1010235					50
10235	4	1010235					50
20001	1	2020001					50
20001	2	2020001					50
20001	3	2020001					50
20001	4	2020001					50
20002	1	2020002					50
20002	2	2020002					50
20002	3	2020002					50
20002	4	2020002					50
20003	1	2020003					50
20003	2	2020003					50
20003	3	2020003					50
20003	4	2020003					50
20004	1	2020004					50
20004	2	2020004					50
20004	3	2020004					50
20004	4	2020004					50
20005	1	2020005					50
20005	2	2020005					50
20005	3	2020005					50
20005	4	2020005					50
20006	1	2020006					50
20006	2	2020006					50
20006	3	2020006					50
20006	4	2020006					50
20007	1	2020007					50
20007	2	2020007					50
20007	3	2020007					50
20007	4	2020007					50
20008	1	2020008					50
20008	2	2020008					50
20008	3	2020008					50
20008	4	2020008					50
20009	1	2020009					50
20009	2	2020009					50
20009	3	2020009					50
20009	4	2020009					50
20010	1	2020010					50
20010	2	2020010					50
20010	3	2020010					50
20010	4	2020010					50
20011	1	2020011					50
20011	2	2020011					50
20011	3	2020011					50
20011	4	2020011					50
20012	1	2020012					50
20012	2	2020012					50
20012	3	2020012					50
20012	4	2020012					50
20013	1	2020013					50
20013	2	2020013					50
20013	3	2020013					50
20013	4	2020013					50
20014	1	2020014					50
20014	2	2020014					50
20014	3	2020014					50
20014	4	2020014					50
20015	1	2020015					50
20015	2	2020015					50
20015	3	2020015					50
20015	4	2020015					50
20016	1	2020016					50
20016	2	2020016					50
20016	3	2020016					50
20016	4	2020016					50
20017	1	2020017					50
20017	2	2020017					50
20017	3	2020017					50
20017	4	2020017					50
20018	1	2020018					50
20018	2	2020018					50
20018	3	2020018					50
20018	4	2020018					50
20019	1	2020019					50
20019	2	2020019					50
20019	3	2020019					50
20019	4	2020019					50
20020	1	2020020					50
20020	2	2020020					50
20020	3	2020020					50
20020	4	2020020					50
20021	1	2020021					50
20021	2	2020021					50
20021	3	2020021					50
20021	4	2020021					50
20022	1	2020022					50
20022	2	2020022					50
20022	3	2020022					50
20022	4	2020022					50
20023	1	2020023					50
20023	2	2020023					50
20023	3	2020023					50
20023	4	2020023					50
20024	1	2020024					50
20024	2	2020024					50
20024	3	2020024					50
20024	4	2020024					50
20025	1	2020025					50
20025	2	2020025					50
20025	3	2020025					50
20025	4	2020025					50
20026	1	2020026					50
20026	2	2020026					50
20026	3	2020026					50
20026	4	2020026					50
20027	1	2020027					50
20027	2	2020027					50
20027	3	2020027					50
20027	4	2020027					50
20028	1	2020028					50
20028	2	2020028					50
20028	3	2020028					50
20028	4	2020028					50
20029	1	2020029					50
20029	2	2020029					50
20029	3	2020029					50
20029	4	2020029					50
20030	1	2020030					50
20030	2	2020030					50
20030	3	2020030					50
20030	4	2020030					50
20031	1	2020031					50
20031	2	2020031					50
20031	3	2020031					50
20031	4	2020031					50
20032	1	2020032					50
20032	2	2020032					50
20032	3	2020032					50
20032	4	2020032					50
20033	1	2020033					50
20033	2	2020033					50
20033	3	2020033					50
20033	4	2020033					50
20034	1	2020034					50
20034	2	2020034					50
20034	3	2020034					50
20034	4	2020034					50
20035	1	2020035					50
20035	2	2020035					50
20035	3	2020035					50
20035	4	2020035					50
20036	1	2020036					50
20036	2	2020036					50
20036	3	2020036					50
20036	4	2020036					50
20037	1	2020037					50
20037	2	2020037					50
20037	3	2020037					50
20037	4	2020037					50
20038	1	2020038					50
20038	2	2020038					50
20038	3	2020038					50
20038	4	2020038					50
20039	1	2020039					50
20039	2	2020039					50
20039	3	2020039					50
20039	4	2020039					50
20040	1	2020040					50
20040	2	2020040					50
20040	3	2020040					50
20040	4	2020040					50
20041	1	2020041					50
20041	2	2020041					50
20041	3	2020041					50
20041	4	2020041					50
20042	1	2020042					50
20042	2	2020042					50
20042	3	2020042					50
20042	4	2020042					50
20043	1	2020043					50
20043	2	2020043					50
20043	3	2020043					50
20043	4	2020043					50
20044	1	2020044					50
20044	2	2020044					50
20044	3	2020044					50
20044	4	2020044					50
20045	1	2020045					50
20045	2	2020045					50
20045	3	2020045					50
20045	4	2020045					50
20046	1	2020046					50
20046	2	2020046					50
20046	3	2020046					50
20046	4	2020046					50
20047	1	2020047					50
20047	2	2020047					50
20047	3	2020047					50
20047	4	2020047					50
20048	1	2020048					50
20048	2	2020048					50
20048	3	2020048					50
20048	4	2020048					50
20049	1	2020049					50
20049	2	2020049					50
20049	3	2020049					50
20049	4	2020049					50
20050	1	2020050					50
20050	2	2020050					50
20050	3	2020050					50
20050	4	2020050					50
20051	1	2020051					50
20051	2	2020051					50
20051	3	2020051					50
20051	4	2020051					50
20052	1	2020052					50
20052	2	2020052					50
20052	3	2020052					50
20052	4	2020052					50
20053	1	2020053					50
20053	2	2020053					50
20053	3	2020053					50
20053	4	2020053					50
20054	1	2020054					50
20054	2	2020054					50
20054	3	2020054					50
20054	4	2020054					50
20055	1	2020055					50
20055	2	2020055					50
20055	3	2020055					50
20055	4	2020055					50
20056	1	2020056					50
20056	2	2020056					50
20056	3	2020056					50
20056	4	2020056					50
20057	1	2020057					50
20057	2	2020057					50
20057	3	2020057					50
20057	4	2020057					50
20058	1	2020058					50
20058	2	2020058					50
20058	3	2020058					50
20058	4	2020058					50
20059	1	2020059					50
20059	2	2020059					50
20059	3	2020059					50
20059	4	2020059					50
20060	1	2020060					50
20060	2	2020060					50
20060	3	2020060					50
20060	4	2020060					50
20061	1	2020061					50
20061	2	2020061					50
20061	3	2020061					50
20061	4	2020061					50
20062	1	2020062					50
20062	2	2020062					50
20062	3	2020062					50
20062	4	2020062					50
20063	1	2020063					50
20063	2	2020063					50
20063	3	2020063					50
20063	4	2020063					50
20064	1	2020064					50
20064	2	2020064					50
20064	3	2020064					50
20064	4	2020064					50
20065	1	2020065					50
20065	2	2020065					50
20065	3	2020065					50
20065	4	2020065					50
20066	1	2020066					50
20066	2	2020066					50
20066	3	2020066					50
20066	4	2020066					50
20067	1	2020067					50
20067	2	2020067					50
20067	3	2020067					50
20067	4	2020067					50
20068	1	2020068					50
20068	2	2020068					50
20068	3	2020068					50
20068	4	2020068					50
20069	1	2020069					50
20069	2	2020069					50
20069	3	2020069					50
20069	4	2020069					50
20070	1	2020070					50
20070	2	2020070					50
20070	3	2020070					50
20070	4	2020070					50
20071	1	2020071					50
20071	2	2020071					50
20071	3	2020071					50
20071	4	2020071					50
20072	1	2020072					50
20072	2	2020072					50
20072	3	2020072					50
20072	4	2020072					50
20073	1	2020073					50
20073	2	2020073					50
20073	3	2020073					50
20073	4	2020073					50
20074	1	2020074					50
20074	2	2020074					50
20074	3	2020074					50
20074	4	2020074					50
20075	1	2020075					50
20075	2	2020075					50
20075	3	2020075					50
20075	4	2020075					50
20076	1	2020076					50
20076	2	2020076					50
20076	3	2020076					50
20076	4	2020076					50
20077	1	2020077					50
20077	2	2020077					50
20077	3	2020077					50
20077	4	2020077					50
20078	1	2020078					50
20078	2	2020078					50
20078	3	2020078					50
20078	4	2020078					50
20079	1	2020079					50
20079	2	2020079					50
20079	3	2020079					50
20079	4	2020079					50
20080	1	2020080					50
20080	2	2020080					50
20080	3	2020080					50
20080	4	2020080					50
20081	1	2020081					50
20081	2	2020081					50
20081	3	2020081					50
20081	4	2020081					50
20082	1	2020082					50
20082	2	2020082					50
20082	3	2020082					50
20082	4	2020082					50
20083	1	2020083					50
20083	2	2020083					50
20083	3	2020083					50
20083	4	2020083					50
20084	1	2020084					50
20084	2	2020084					50
20084	3	2020084					50
20084	4	2020084					50
20085	1	2020085					50
20085	2	2020085					50
20085	3	2020085					50
20085	4	2020085					50
20086	1	2020086					50
20086	2	2020086					50
20086	3	2020086					50
20086	4	2020086					50
20087	1	2020087					50
20087	2	2020087					50
20087	3	2020087					50
20087	4	2020087					50
20088	1	2020088					50
20088	2	2020088					50
20088	3	2020088					50
20088	4	2020088					50
20089	1	2020089					50
20089	2	2020089					50
20089	3	2020089					50
20089	4	2020089					50
20090	1	2020090					50
20090	2	2020090					50
20090	3	2020090					50
20090	4	2020090					50
20091	1	2020091					50
20091	2	2020091					50
20091	3	2020091					50
20091	4	2020091					50
20092	1	2020092					50
20092	2	2020092					50
20092	3	2020092					50
20092	4	2020092					50
20093	1	2020093					50
20093	2	2020093					50
20093	3	2020093					50
20093	4	2020093					50
20094	1	2020094					50
20094	2	2020094					50
20094	3	2020094					50
20094	4	2020094					50
20095	1	2020095					50
20095	2	2020095					50
20095	3	2020095					50
20095	4	2020095					50
20096	1	2020096					50
20096	2	2020096					50
20096	3	2020096					50
20096	4	2020096					50
20097	1	2020097					50
20097	2	2020097					50
20097	3	2020097					50
20097	4	2020097					50
20098	1	2020098					50
20098	2	2020098					50
20098	3	2020098					50
20098	4	2020098					50
20099	1	2020099					50
20099	2	2020099					50
20099	3	2020099					50
20099	4	2020099					50
20100	1	2020100					50
20100	2	2020100					50
20100	3	2020100					50
20100	4	2020100					50
20101	1	2020101					50
20101	2	2020101					50
20101	3	2020101					50
20101	4	2020101					50
20102	1	2020102					50
20102	2	2020102					50
20102	3	2020102					50
20102	4	2020102					50
20103	1	2020103					50
20103	2	2020103					50
20103	3	2020103					50
20103	4	2020103					50
20104	1	2020104					50
20104	2	2020104					50
20104	3	2020104					50
20104	4	2020104					50
20105	1	2020105					50
20105	2	2020105					50
20105	3	2020105					50
20105	4	2020105					50
20106	1	2020106					50
20106	2	2020106					50
20106	3	2020106					50
20106	4	2020106					50
20107	1	2020107					50
20107	2	2020107					50
20107	3	2020107					50
20107	4	2020107					50
20108	1	2020108					50
20108	2	2020108					50
20108	3	2020108					50
20108	4	2020108					50
20109	1	2020109					50
20109	2	2020109					50
20109	3	2020109					50
20109	4	2020109					50
20110	1	2020110					50
20110	2	2020110					50
20110	3	2020110					50
20110	4	2020110					50
20111	1	2020111					50
20111	2	2020111					50
20111	3	2020111					50
20111	4	2020111					50
20112	1	2020112					50
20112	2	2020112					50
20112	3	2020112					50
20112	4	2020112					50
20113	1	2020113					50
20113	2	2020113					50
20113	3	2020113					50
20113	4	2020113					50
20114	1	2020114					50
20114	2	2020114					50
20114	3	2020114					50
20114	4	2020114					50
20115	1	2020115					50
20115	2	2020115					50
20115	3	2020115					50
20115	4	2020115					50
20116	1	2020116					50
20116	2	2020116					50
20116	3	2020116					50
20116	4	2020116					50
20117	1	2020117					50
20117	2	2020117					50
20117	3	2020117					50
20117	4	2020117					50
20118	1	2020118					50
20118	2	2020118					50
20118	3	2020118					50
20118	4	2020118					50
20119	1	2020119					50
20119	2	2020119					50
20119	3	2020119					50
20119	4	2020119					50
20120	1	2020120					50
20120	2	2020120					50
20120	3	2020120					50
20120	4	2020120					50
20121	1	2020121					50
20121	2	2020121					50
20121	3	2020121					50
20121	4	2020121					50
20122	1	2020122					50
20122	2	2020122					50
20122	3	2020122					50
20122	4	2020122					50
20123	1	2020123					50
20123	2	2020123					50
20123	3	2020123					50
20123	4	2020123					50
20124	1	2020124					50
20124	2	2020124					50
20124	3	2020124					50
20124	4	2020124					50
20125	1	2020125					50
20125	2	2020125					50
20125	3	2020125					50
20125	4	2020125					50
20126	1	2020126					50
20126	2	2020126					50
20126	3	2020126					50
20126	4	2020126					50
20127	1	2020127					50
20127	2	2020127					50
20127	3	2020127					50
20127	4	2020127					50
20128	1	2020128					50
20128	2	2020128					50
20128	3	2020128					50
20128	4	2020128					50
20129	1	2020129					50
20129	2	2020129					50
20129	3	2020129					50
20129	4	2020129					50
20130	1	2020130					50
20130	2	2020130					50
20130	3	2020130					50
20130	4	2020130					50
20131	1	2020131					50
20131	2	2020131					50
20131	3	2020131					50
20131	4	2020131					50
20132	1	2020132					50
20132	2	2020132					50
20132	3	2020132					50
20132	4	2020132					50
20133	1	2020133					50
20133	2	2020133					50
20133	3	2020133					50
20133	4	2020133					50
20134	1	2020134					50
20134	2	2020134					50
20134	3	2020134					50
20134	4	2020134					50
20135	1	2020135					50
20135	2	2020135					50
20135	3	2020135					50
20135	4	2020135					50
20136	1	2020136					50
20136	2	2020136					50
20136	3	2020136					50
20136	4	2020136					50
20137	1	2020137					50
20137	2	2020137					50
20137	3	2020137					50
20137	4	2020137					50
20138	1	2020138					50
20138	2	2020138					50
20138	3	2020138					50
20138	4	2020138					50
20139	1	2020139					50
20139	2	2020139					50
20139	3	2020139					50
20139	4	2020139					50
20140	1	2020140					50
20140	2	2020140					50
20140	3	2020140					50
20140	4	2020140					50
20141	1	2020141					50
20141	2	2020141					50
20141	3	2020141					50
20141	4	2020141					50
20142	1	2020142					50
20142	2	2020142					50
20142	3	2020142					50
20142	4	2020142					50
20143	1	2020143					50
20143	2	2020143					50
20143	3	2020143					50
20143	4	2020143					50
20144	1	2020144					50
20144	2	2020144					50
20144	3	2020144					50
20144	4	2020144					50
20145	1	2020145					50
20145	2	2020145					50
20145	3	2020145					50
20145	4	2020145					50
20146	1	2000003					50
20146	2	2000003					50
20146	3	2000003					50
20146	4	2000003					50
20147	1	2000003					50
20147	2	2000003					50
20147	3	2000003					50
20147	4	2000003					50
20148	1	2000003					50
20148	2	2000003					50
20148	3	2000003					50
20148	4	2000003					50
20149	1	2000003					50
20149	2	2000003					50
20149	3	2000003					50
20149	4	2000003					50
20150	1	2000003					50
20150	2	2000003					50
20150	3	2000003					50
20150	4	2000003					50
20151	1	2000003					50
20151	2	2000003					50
20151	3	2000003					50
20151	4	2000003					50
20152	1	2000003					50
20152	2	2000003					50
20152	3	2000003					50
20152	4	2000003					50
20153	1	2000003					50
20153	2	2000003					50
20153	3	2000003					50
20153	4	2000003					50
20154	1	2000003					50
20154	2	2000003					50
20154	3	2000003					50
20154	4	2000003					50
20155	1	2000003					50
20155	2	2000003					50
20155	3	2000003					50
20155	4	2000003					50
20156	1	2000003					50
20156	2	2000003					50
20156	3	2000003					50
20156	4	2000003					50
20157	1	2000003					50
20157	2	2000003					50
20157	3	2000003					50
20157	4	2000003					50
20158	1	2000003					50
20158	2	2000003					50
20158	3	2000003					50
20158	4	2000003					50
20159	1	2000003					50
20159	2	2000003					50
20159	3	2000003					50
20159	4	2000003					50
20160	1	2000003					50
20160	2	2000003					50
20160	3	2000003					50
20160	4	2000003					50
20161	1	2000003					50
20161	2	2000003					50
20161	3	2000003					50
20161	4	2000003					50
20162	1	2000003					50
20162	2	2000003					50
20162	3	2000003					50
20162	4	2000003					50
20163	1	2000003					50
20163	2	2000003					50
20163	3	2000003					50
20163	4	2000003					50
20164	1	2000003					50
20164	2	2000003					50
20164	3	2000003					50
20164	4	2000003					50
20165	1	2000003					50
20165	2	2000003					50
20165	3	2000003					50
20165	4	2000003					50
20166	1	2000003					50
20166	2	2000003					50
20166	3	2000003					50
20166	4	2000003					50
20167	1	2000003					50
20167	2	2000003					50
20167	3	2000003					50
20167	4	2000003					50
20168	1	2000003					50
20168	2	2000003					50
20168	3	2000003					50
20168	4	2000003					50
20169	1	2000003					50
20169	2	2000003					50
20169	3	2000003					50
20169	4	2000003					50
20170	1	2000003					50
20170	2	2000003					50
20170	3	2000003					50
20170	4	2000003					50
20171	1	2000003					50
20171	2	2000003					50
20171	3	2000003					50
20171	4	2000003					50
20172	1	2000003					50
20172	2	2000003					50
20172	3	2000003					50
20172	4	2000003					50
20173	1	2000003					50
20173	2	2000003					50
20173	3	2000003					50
20173	4	2000003					50
20174	1	2000003					50
20174	2	2000003					50
20174	3	2000003					50
20174	4	2000003					50
20175	1	2000003					50
20175	2	2000003					50
20175	3	2000003					50
20175	4	2000003					50
20176	1	2000003					50
20176	2	2000003					50
20176	3	2000003					50
20176	4	2000003					50
20177	1	2000003					50
20177	2	2000003					50
20177	3	2000003					50
20177	4	2000003					50
20178	1	2000003					50
20178	2	2000003					50
20178	3	2000003					50
20178	4	2000003					50
20179	1	2000003					50
20179	2	2000003					50
20179	3	2000003					50
20179	4	2000003					50
20180	1	2000003					50
20180	2	2000003					50
20180	3	2000003					50
20180	4	2000003					50
20181	1	2000003					50
20181	2	2000003					50
20181	3	2000003					50
20181	4	2000003					50
20182	1	2000003					50
20182	2	2000003					50
20182	3	2000003					50
20182	4	2000003					50
20183	1	2000003					50
20183	2	2000003					50
20183	3	2000003					50
20183	4	2000003					50
20184	1	2000003					50
20184	2	2000003					50
20184	3	2000003					50
20184	4	2000003					50
20185	1	2000003					50
20185	2	2000003					50
20185	3	2000003					50
20185	4	2000003					50
20186	1	2000003					50
20186	2	2000003					50
20186	3	2000003					50
20186	4	2000003					50
20187	1	2000003					50
20187	2	2000003					50
20187	3	2000003					50
20187	4	2000003					50
20188	1	2000003					50
20188	2	2000003					50
20188	3	2000003					50
20188	4	2000003					50
20189	1	2000003					50
20189	2	2000003					50
20189	3	2000003					50
20189	4	2000003					50
20190	1	2000003					50
20190	2	2000003					50
20190	3	2000003					50
20190	4	2000003					50
20191	1	2000003					50
20191	2	2000003					50
20191	3	2000003					50
20191	4	2000003					50
20192	1	2000003					50
20192	2	2000003					50
20192	3	2000003					50
20192	4	2000003					50
20193	1	2000003					50
20193	2	2000003					50
20193	3	2000003					50
20193	4	2000003					50
20194	1	2000003					50
20194	2	2000003					50
20194	3	2000003					50
20194	4	2000003					50
20195	1	2000003					50
20195	2	2000003					50
20195	3	2000003					50
20195	4	2000003					50
20196	1	2000003					50
20196	2	2000003					50
20196	3	2000003					50
20196	4	2000003					50
20197	1	2000003					50
20197	2	2000003					50
20197	3	2000003					50
20197	4	2000003					50
20198	1	2000003					50
20198	2	2000003					50
20198	3	2000003					50
20198	4	2000003					50
20199	1	2000003					50
20199	2	2000003					50
20199	3	2000003					50
20199	4	2000003					50
20200	1	2000003					50
20200	2	2000003					50
20200	3	2000003					50
20200	4	2000003					50
