id	group	type	priority	name_text_id	target_type	category	target_a	target_b	start_value	end_value	step_value	reward_id	condition	condition_value	condition_step	takeover	achivement_id	link_title	link	guide_pattern	guide_target	open_date	close_date	open_time	close_time
355	108	11	1	1195	1	81			3	3		1960009001					0					2020-05-01 00:00:00	2022-04-30 23:59:59		
356	108	11	2	1073	1	78			1	1		1960009002					0					2020-05-01 00:00:00	2022-04-30 23:59:59		
357	108	11	3	1004	3	5			2	2		1960009003					0					2020-05-01 00:00:00	2022-04-30 23:59:59		
358	108	11	4	1074	1	78			5	5		1960009004					0					2020-05-01 00:00:00	2022-04-30 23:59:59		
2100	2001	2	1	1113	2	193	2001		5	5		1900002100					0					2020-05-01 00:00:00	2100-12-31 12:59:59		
2102	2001	2	3	1114	2	6			1	1		1900002102					0					2020-05-01 00:00:00	2100-12-31 12:59:59		
2103	2001	2	4	1115	2	153			1	1		1900002103					0		camp			2020-05-01 00:00:00	2100-12-31 12:59:59		
2104	2001	2	5	1115	2	153			1	1		1900002104					0		camp			2020-05-01 00:00:00	2100-12-31 12:59:59		
2105	2001	2	6	1116	2	153			2	2		1900002104					0		camp			2020-05-01 00:00:00	2023-06-30 03:59:59		
2106	2001	2	7	1117	2	153			3	3		1900002104					0		camp			2020-05-01 00:00:00	2023-06-30 03:59:59		
2107	2001	2	10	1118	2	171			1	1		1900002105					0					2020-05-01 00:00:00	2100-12-31 12:59:59		
2108	2001	2	11	1119	2	137			1	1		1900002106					0		shop			2020-05-01 00:00:00	2100-12-31 12:59:59		
2109	2001	2	12	1120	2	15			1	1		1900002107					0		friend			2020-05-01 00:00:00	2100-12-31 12:59:59		
2110	2001	2	13	1121	2	184			1	1		1900002107					0		circletop			2020-05-01 00:00:00	2100-12-31 12:59:59		
2111	2001	2	14	1122	2	185			1	1		1900002107					0		locationinformation			2020-05-01 00:00:00	2100-12-31 12:59:59		
2112	2001	2	8	1115	2	153			1	1		1900002104					0		camp			2023-06-30 04:00:00	2100-12-31 12:59:59		
2113	2001	2	9	1115	2	153			1	1		1900002104					0		camp			2023-06-30 04:00:00	2100-12-31 12:59:59		
4101	4001	4	1	1124		50						1900004101					0					2020-05-01 00:00:00	2100-12-31 12:59:59		
4102	4001	4	2	1124	1	50	3008		1	1		1900004102					0					2020-05-01 00:00:00	2100-12-31 12:59:59		
4103	4001	4	3	1124		50						1900004103					0					2020-05-01 00:00:00	2100-12-31 12:59:59		
4104	4001	4	4	1124	1	50			10	10		1900004104					0					2020-05-01 00:00:00	2100-12-31 12:59:59		
4105	4001	4	5	1124	1	50			5	5		1900004105					0					2020-05-01 00:00:00	2100-12-31 12:59:59		
4106	4001	4	6	1124	1	50			1	1		1900004106					0					2020-05-01 00:00:00	2100-12-31 12:59:59		
4107	4001	4	7	1124	1	50			1	1		1900004107					0					2020-05-01 00:00:00	2100-12-31 12:59:59		
4108	4001	4	8	1124	3	50			5	5		1900004108					0					2020-05-01 00:00:00	2100-12-31 12:59:59		
4109	4001	4	9	1124		50						1900004109			1		0					2020-05-01 00:00:00	2100-12-31 12:59:59		
4110	4001	4	1	1124		50			9	9		1900004110					0					2020-05-01 00:00:00	2100-12-31 12:59:59		
4201	4003	4	1	1124	1	50			1	1		1900004201	3	4110	1		0					2020-05-01 00:00:00	2100-12-31 12:59:59		
4202	4003	4	1	1124	2	50			1	1		1900004202	3	4110	1		0					2020-05-01 00:00:00	2100-12-31 12:59:59		
4203	4003	4	1	1124	1	50			1	1		1900004203	3	4110	1		0					2020-05-01 00:00:00	2100-12-31 12:59:59		
4204	4003	4	1	1124	1	50			30	30		1900004204	3	4110	1		0					2020-05-01 00:00:00	2100-12-31 12:59:59		
4205	4003	4	1	1124		50						1900004205	3	4110	1		0					2020-05-01 00:00:00	2100-12-31 12:59:59		
4206	4003	4	1	1124	1	50			1	1		1900004206	3	4110	1		0					2020-05-01 00:00:00	2100-12-31 12:59:59		
4207	4003	4	1	1124	1	50			1	1		1900004207	3	4110	1		0					2020-05-01 00:00:00	2100-12-31 12:59:59		
4208	4003	4	1	1124	1	50			1	1		1900004208	3	4110	1		0					2020-05-01 00:00:00	2100-12-31 12:59:59		
4209	4003	4	1	1124		50						1900004209	3	4110	1		0					2020-05-01 00:00:00	2100-12-31 12:59:59		
4210	4003	4	1	1124		50			2	2		1900004210	3	4110	1		0					2020-05-01 00:00:00	2100-12-31 12:59:59		
4301	4004	4	1	1124	1	50	3011		1	1		1900004301	3	4210	1		0					2020-05-01 00:00:00	2100-12-31 12:59:59		
4302	4004	4	1	1124	1	50			1	1		1900004302	3	4210	1		0					2020-05-01 00:00:00	2100-12-31 12:59:59		
4303	4004	4	1	1124	1	50			1	1		1900004303	3	4210	1		0					2020-05-01 00:00:00	2100-12-31 12:59:59		
4304	4004	4	1	1124	1	50	30		1	1		1900004304	3	4210	1		0					2020-05-01 00:00:00	2100-12-31 12:59:59		
4305	4004	4	1	1124	1	50	1011		1	1		1900004305	3	4210	1		0					2020-05-01 00:00:00	2100-12-31 12:59:59		
4306	4004	4	1	1124	1	50		2	1	1		1900004306	3	4210	1		0					2020-05-01 00:00:00	2100-12-31 12:59:59		
4307	4004	4	1	1124	1	50			1	1		1900004307	3	4210	1		0					2020-05-01 00:00:00	2100-12-31 12:59:59		
4308	4004	4	1	1124	1	50	3021		1	1		1900004308	3	4210	1		0					2020-05-01 00:00:00	2100-12-31 12:59:59		
4309	4004	4	1	1124	1	50			50	50		1900004309	3	4210	1		0					2020-05-01 00:00:00	2100-12-31 12:59:59		
4310	4004	4	1	1124		50			9	9		1900004310	3	4210	1		0					2020-05-01 00:00:00	2100-12-31 12:59:59		
6000	6001	6	1001	1125	2	20			3	3		1					0					2100-01-01 00:00:00	2100-12-31 12:59:59		
6001	6001	6	1002	1126	2	153			1	1		1					0					2100-01-01 00:00:00	2100-12-31 12:59:59		
6002	6001	6	1003	1127	2	128			1	1		1					0					2100-01-01 00:00:00	2100-12-31 12:59:59		
6003	6001	6	1004	1128	2	161	1		1	1		1					0					2100-01-01 00:00:00	2100-12-31 12:59:59		
6010	6011	6	1001	1125	2	20			3	3		1					0					2100-01-01 00:00:00	2100-12-31 12:59:59		
6011	6011	6	1002	1126	2	153			1	1		1					0					2100-01-01 00:00:00	2100-12-31 12:59:59		
6012	6011	6	1003	1127	2	128			1	1		1					0					2100-01-01 00:00:00	2100-12-31 12:59:59		
6013	6011	6	1004	1128	2	161	1		1	1		1					0					2100-01-01 00:00:00	2100-12-31 12:59:59		
6100	6002	6	1001	1125	2	20			3	3		1					0					2100-01-01 00:00:00	2100-12-31 12:59:59		
6101	6002	6	1002	1126	2	153			1	1		1					0					2100-01-01 00:00:00	2100-12-31 12:59:59		
6102	6002	6	1003	1127	2	128			1	1		1					0					2100-01-01 00:00:00	2100-12-31 12:59:59		
6103	6002	6	1004	1128	2	161	1		1	1		1					0					2100-01-01 00:00:00	2100-12-31 12:59:59		
6110	6012	6	1001	1125	2	20			3	3		1					0					2100-01-01 00:00:00	2100-12-31 12:59:59		
6111	6012	6	1002	1126	2	153			1	1		1					0					2100-01-01 00:00:00	2100-12-31 12:59:59		
6112	6012	6	1003	1127	2	128			1	1		1					0					2100-01-01 00:00:00	2100-12-31 12:59:59		
6113	6012	6	1004	1128	2	161	1		1	1		1					0					2100-01-01 00:00:00	2100-12-31 12:59:59		
6200	6003	6	1001	1125	2	20			3	3		1					0					2100-01-01 00:00:00	2100-12-31 12:59:59		
6201	6003	6	1002	1126	2	153			1	1		1					0					2100-01-01 00:00:00	2100-12-31 12:59:59		
6202	6003	6	1003	1127	2	128			1	1		1					0					2100-01-01 00:00:00	2100-12-31 12:59:59		
6203	6003	6	1004	1128	2	161	1		1	1		1					0					2100-01-01 00:00:00	2100-12-31 12:59:59		
6210	6013	6	1001	1125	2	20			3	3		1					0					2100-01-01 00:00:00	2100-12-31 12:59:59		
6211	6013	6	1002	1126	2	153			1	1		1					0					2100-01-01 00:00:00	2100-12-31 12:59:59		
6212	6013	6	1003	1127	2	128			1	1		1					0					2100-01-01 00:00:00	2100-12-31 12:59:59		
6213	6013	6	1004	1128	2	161	1		1	1		1					0					2100-01-01 00:00:00	2100-12-31 12:59:59		
6300	6004	6	1001	1125	2	20			3	3		1					0					2100-01-01 00:00:00	2100-12-31 12:59:59		
6301	6004	6	1002	1126	2	153			1	1		1					0					2100-01-01 00:00:00	2100-12-31 12:59:59		
6302	6004	6	1003	1127	2	128			1	1		1					0					2100-01-01 00:00:00	2100-12-31 12:59:59		
6303	6004	6	1004	1128	2	161	1		1	1		1					0					2100-01-01 00:00:00	2100-12-31 12:59:59		
6310	6014	6	1001	1125	2	20			3	3		1					0					2100-01-01 00:00:00	2100-12-31 12:59:59		
6311	6014	6	1002	1126	2	153			1	1		1					0					2100-01-01 00:00:00	2100-12-31 12:59:59		
6312	6014	6	1003	1127	2	128			1	1		1					0					2100-01-01 00:00:00	2100-12-31 12:59:59		
6313	6014	6	1004	1128	2	161	1		1	1		1					0					2100-01-01 00:00:00	2100-12-31 12:59:59		
6400	6005	6	1001	1125	2	20			3	3		1					0					2100-01-01 00:00:00	2100-12-31 12:59:59		
6401	6005	6	1002	1126	2	153			1	1		1					0					2100-01-01 00:00:00	2100-12-31 12:59:59		
6402	6005	6	1003	1127	2	128			1	1		1					0					2100-01-01 00:00:00	2100-12-31 12:59:59		
6403	6005	6	1004	1128	2	161	1		1	1		1					0					2100-01-01 00:00:00	2100-12-31 12:59:59		
6410	6015	6	1001	1125	2	20			3	3		1					0					2100-01-01 00:00:00	2100-12-31 12:59:59		
6411	6015	6	1002	1126	2	153			1	1		1					0					2100-01-01 00:00:00	2100-12-31 12:59:59		
6412	6015	6	1003	1127	2	128			1	1		1					0					2100-01-01 00:00:00	2100-12-31 12:59:59		
6413	6015	6	1004	1128	2	161	1		1	1		1					0					2100-01-01 00:00:00	2100-12-31 12:59:59		
8000	1	8	1	1123	2	96			30	30		1900008000					0					2020-05-01 00:00:00	2100-12-31 12:59:59		
9001	9001	9	1	1129	2	193	9001		20	20		1920009001					0					2023-06-18 04:00:00	2100-12-31 12:59:59		
9002	9001	9	2	1115	2	153			1	1		1920009002					0					2020-05-01 00:00:00	2100-12-31 12:59:59		
9003	9001	9	3	1116	2	153			2	2		1920009003					0					2020-05-01 00:00:00	2100-12-31 12:59:59		
9004	9001	9	4	1117	2	153			3	3		1920009004					0					2020-05-01 00:00:00	2100-12-31 12:59:59		
9005	9001	9	5	1130	2	153			4	4		1920009005					0					2020-05-01 00:00:00	2100-12-31 12:59:59		
9006	9001	9	6	1131	2	153			5	5		1920009006					0					2020-05-01 00:00:00	2100-12-31 12:59:59		
9007	9001	9	7	1132	2	155			3	3		1920009020					0					2020-05-01 00:00:00	2100-12-31 12:59:59		
9008	9001	9	8	1133	2	155			5	5		1920009007					0					2020-05-01 00:00:00	2100-12-31 12:59:59		
9009	9001	9	9	1134	2	155	1		1	1		1920009007					0					2023-06-18 04:00:00	2100-12-31 12:59:59		
9010	9001	9	10	1135	2	114			3	3		1920009010					0					2023-06-18 04:00:00	2100-12-31 12:59:59		
9011	9001	9	11	1136	2	17			1	1		1920009011					0					2020-05-01 00:00:00	2100-12-31 12:59:59		
9012	9001	9	12	1137	2	149			1	1		1920009012					0					2020-05-01 00:00:00	2100-12-31 12:59:59		
9013	9001	9	13	1138	2	190			1	1		1920009023					0					2023-06-18 04:00:00	2100-12-31 12:59:59		
9014	9001	9	14	1139	2	15			5	5		1920009015					0					2023-06-18 04:00:00	2100-12-31 12:59:59		
9015	9001	9	15	1140	2	171			5	5		1920009015					0					2023-06-18 04:00:00	2100-12-31 12:59:59		
9017	9001	9	17	1142	2	4	21		1	1		1920009013					0					2020-05-01 00:00:00	2100-12-31 12:59:59		
9018	9001	9	18	1143	2	4	21		3	3		1920009020					0					2023-06-18 04:00:00	2100-12-31 12:59:59		
9019	9001	9	19	1144	2	4	21		5	5		1920009021					0					2023-06-18 04:00:00	2100-12-31 12:59:59		
9020	9001	9	20	1145	2	4	13		1	1		1920009014					0					2023-06-18 04:00:00	2100-12-31 12:59:59		
9021	9001	9	21	1146	2	4	13		3	3		1920009024					0					2023-06-18 04:00:00	2100-12-31 12:59:59		
9022	9001	9	22	1147	2	4	13		5	5		1920009025					0					2023-06-18 04:00:00	2100-12-31 12:59:59		
9040	9001	9	1	1148	2	193	9001		13	13		1920009001					0					2020-05-01 00:00:00	2023-06-18 03:59:59		
9044	9001	9	43	1149	3	199			4	4		1920009044					0					2020-05-01 00:00:00	2100-12-31 12:59:59		
9045	9001	9	44	1150	3	199			5	5		1920009045					0					2020-05-01 00:00:00	2100-12-31 12:59:59		
9046	9001	9	45	1151	3	199			6	6		1920009046					0					2020-05-01 00:00:00	2100-12-31 12:59:59		
9047	9001	9	46	1152	3	199			7	7		1920009047					0					2020-05-01 00:00:00	2100-12-31 12:59:59		
9048	9001	9	47	1153	3	199			8	8		1920009048					0					2020-05-01 00:00:00	2100-12-31 12:59:59		
9049	9001	9	48	1154	3	199			9	9		1920009049					0					2020-05-01 00:00:00	2100-12-31 12:59:59		
9050	9001	9	49	1155	3	199			10	10		1920009050					0					2020-05-01 00:00:00	2100-12-31 12:59:59		
10119	101	13	18	1196	3	5			2	2		1920009026					0			41		2020-05-01 00:00:00	2022-04-30 23:59:59		
10120	101	13	18	1197	3	5			2	2		1920009026					0			20		2020-05-01 00:00:00	2022-04-30 23:59:59		
10121	101	13	18	1198	3	5			2	2		1920009026					0			21		2020-05-01 00:00:00	2022-04-30 23:59:59		
10122	101	13	1	1199	3	178	5		3	3		2000000019					0					2020-05-01 00:00:00	2022-04-30 23:59:59		
10123	101	13	1	1200	3	179	1		100	100		2000000012					0					2020-05-01 00:00:00	2022-04-30 23:59:59		
10124	101	13	1	1201	3	175	1		20	20		2000000013					0					2020-05-01 00:00:00	2022-04-30 23:59:59		
10125	101	13	1	1202	3	176			5	5		2000000019					0			1	1011	2020-05-01 00:00:00	2022-04-30 23:59:59		
10126	101	13	1	1203	3	175	1		100	100		2000000012					0			1	1011	2020-05-01 00:00:00	2022-04-30 23:59:59		
10127	101	13	1	1204	3	173	101103		2	2		2000000013					0			1	1011	2020-05-01 00:00:00	2022-04-30 23:59:59		
10128	101	13	1	1205	3	173	101104		2	2		2000000014					0			1	1011	2020-05-01 00:00:00	2022-04-30 23:59:59		
30017	30017	7	1	1163	2	119			55	55		1					0					2100-10-30 11:00:00	2100-11-01 23:59:59		
30018	30017	7	2	1163	2	119			300	300		1					0					2100-10-30 11:00:00	2100-11-01 23:59:59		
30019	30017	7	3	1163	2	119			2500	2500		1					0					2100-10-30 11:00:00	2100-11-01 23:59:59		
30020	30017	7	4	1163	2	119			5000	5000		1					0					2100-10-30 11:00:00	2100-11-01 23:59:59		
30021	30017	3	1	1164	2	119			500	500		1					0					2100-10-30 11:00:00	2100-11-01 23:59:59		
30022	30017	3	2	1164	2	119			3000	3000		1					0					2100-10-30 11:00:00	2100-11-01 23:59:59		
30023	30017	3	3	1164	2	119			5000	5000		1					0					2100-10-30 11:00:00	2100-11-01 23:59:59		
30024	30017	3	4	1164	2	119			10000	10000		1					0					2100-10-30 11:00:00	2100-11-01 23:59:59		
30025	30025	3	1	1165	2	133	300008		1	1		1					0					2020-10-11 11:00:00	2020-10-15 23:59:59		
30026	30025	3	1	1166	2	133	299999		1	1		1	3	30025	1		0					2020-10-11 11:00:00	2020-10-15 23:59:59		
30027	30027	7	1	1167	2	17			1	1		1					0					2100-11-10 11:00:00	2100-11-30 10:59:59		
30028	30027	7	2	1168	2	153			1	1		1					0					2100-11-10 11:00:00	2100-11-30 10:59:59		
30029	30027	7	3	1169	2	153			1	1		1					0					2100-11-10 11:00:00	2100-11-30 10:59:59		
30030	30027	3	4	1126	2	153			10	10		1					0					2100-11-10 11:00:00	2100-11-30 10:59:59		
30031	30027	3	5	1005	2	153			10	10		1					0					2100-11-10 11:00:00	2100-11-30 10:59:59		
30032	30027	3	6	1170	2	153			5	5		1					0					2100-11-10 11:00:00	2100-11-30 10:59:59		
30033	30033	3	1	1005	2	153			3	3		1					0					2022-11-10 11:00:00	2022-11-30 10:59:59		
30034	100	3	1	1171	2	80			1	1		1					0					2021-08-10 11:00:00	2021-08-20 23:59:59		
30035	100	3	2	1171	2	80			3	3		1	3	30034	1		0					2021-08-10 11:00:00	2021-08-20 23:59:59		
30036	100	3	3	1171	2	80			5	5		1	3	30035	1		0					2021-08-10 11:00:00	2021-08-20 23:59:59		
30102	30001	3	43	1172	2	186	52010		1	1		1930000101					0					2023-06-15 00:00:00	2023-07-21 23:59:59		86399
30103	30001	3	44	1173	2	186	52020		1	1		1930000102					0					2023-06-15 00:00:00	2023-07-21 23:59:59		86399
30104	30001	3	45	1174	2	186	52030		1	1		1930000103					0					2023-06-15 00:00:00	2023-07-21 23:59:59		86399
30105	30001	3	46	1175	2	186	52040		1	1		1930000104					0					2023-06-15 00:00:00	2023-07-21 23:59:59		86399
30106	30001	3	47	1176	2	186	52050		1	1		1930000105					0					2023-06-15 00:00:00	2023-07-21 23:59:59		86399
30107	30001	3	48	1177	2	186	52060		1	1		1930000106					0					2023-06-15 00:00:00	2023-07-21 23:59:59		86399
30108	30001	3	49	1178	2	186	52070		1	1		1930000107					0					2023-06-15 00:00:00	2023-07-21 23:59:59		86399
30109	30001	3	50	1179	2	186	52080		1	1		1930000108					0					2023-06-15 00:00:00	2023-07-21 23:59:59		86399
30110	30001	3	51	1180	2	186	52090		1	1		1930000109					0					2023-06-15 00:00:00	2023-07-21 23:59:59		86399
30111	30001	3	52	1181	2	186	52100		1	1		1930000110					0					2023-06-15 00:00:00	2023-07-21 23:59:59		86399
30112	30001	3	53	1182	2	186	52110		1	1		1930000111					0					2023-06-15 00:00:00	2023-07-21 23:59:59		86399
30113	30001	3	54	1183	2	186	53010		1	1		1930000112					0					2023-06-15 00:00:00	2023-07-21 23:59:59		86399
30114	30001	3	55	1184	2	186	53020		1	1		1930000113					0					2023-06-15 00:00:00	2023-07-21 23:59:59		86399
30115	30001	3	56	1185	2	186	53030		1	1		1930000114					0					2023-06-15 00:00:00	2023-07-21 23:59:59		86399
30116	30001	3	57	1186	2	186	53040		1	1		1930000115					0					2023-06-15 00:00:00	2023-07-21 23:59:59		86399
30117	30001	3	58	1187	2	186	53050		1	1		1930000116					0					2023-06-15 00:00:00	2023-07-21 23:59:59		86399
30118	30001	3	59	1188	2	186	53060		1	1		1930000117					0					2023-06-15 00:00:00	2023-07-21 23:59:59		86399
30119	30001	3	60	1189	2	156			1	1		1930000118					0					2023-06-15 00:00:00	2023-07-21 23:59:59		86399
30120	30001	3	61	1190	2	137			1	1		1930000119					0					2023-06-15 00:00:00	2023-07-21 23:59:59		86399
30121	30001	3	1	1191	2	186	52040		1	1		1930000120					0					2023-06-15 00:00:00	2023-07-21 23:59:59		86399
40001	30001	3	2	1005	2	153			1	1		205701001					0					2023-06-23 11:00:00	2023-07-03 23:59:59		
40002	30001	3	3	1005	2	153			2	2		205701002					0					2023-06-23 11:00:00	2023-07-03 23:59:59		
40003	30001	3	4	1005	2	153			3	3		205701003					0					2023-06-23 11:00:00	2023-07-03 23:59:59		
40004	30001	3	5	1005	2	153			5	5		205701004					0					2023-06-23 11:00:00	2023-07-03 23:59:59		
40005	30001	3	6	1005	2	153			7	7		205701005					0					2023-06-23 11:00:00	2023-07-03 23:59:59		
40006	30001	3	7	1005	2	153			10	10		205701006					0					2023-06-23 11:00:00	2023-07-03 23:59:59		
40007	30001	3	8	1005	2	153			15	15		205701007					0					2023-06-23 11:00:00	2023-07-03 23:59:59		
40008	30001	3	9	1340	2	155			1	1		205701008					0					2023-06-23 11:00:00	2023-07-03 23:59:59		
40009	30001	3	10	1340	2	155			2	2		205701009					0					2023-06-23 11:00:00	2023-07-03 23:59:59		
40010	30001	3	11	1340	2	155			3	3		205701010					0					2023-06-23 11:00:00	2023-07-03 23:59:59		
40011	30001	3	12	1340	2	155			5	5		205701011					0					2023-06-23 11:00:00	2023-07-03 23:59:59		
40012	30001	3	13	1340	2	155			7	7		205701012					0					2023-06-23 11:00:00	2023-07-03 23:59:59		
40013	30001	3	14	1340	2	155			10	10		205701013					0					2023-06-23 11:00:00	2023-07-03 23:59:59		
40014	30001	3	15	1340	2	155			15	15		205701014					0					2023-06-23 11:00:00	2023-07-03 23:59:59		
40015	30001	3	16	1341	2	3	8011		20	20		205701015					0					2023-06-23 11:00:00	2023-07-03 23:59:59		
40016	30001	3	17	1341	2	3	8011		50	50		205701016					0					2023-06-23 11:00:00	2023-07-03 23:59:59		
40017	30001	3	18	1341	2	3	8011		100	100		205701017					0					2023-06-23 11:00:00	2023-07-03 23:59:59		
40018	30001	3	19	1341	2	3	8011		200	200		205701018					0					2023-06-23 11:00:00	2023-07-03 23:59:59		
40019	30001	3	20	1341	2	3	8011		300	300		205701019					0					2023-06-23 11:00:00	2023-07-03 23:59:59		
40020	30001	3	21	1341	2	3	8011		400	400		205701020					0					2023-06-23 11:00:00	2023-07-03 23:59:59		
40021	30001	3	22	1341	2	3	8011		500	500		205701021					0					2023-06-23 11:00:00	2023-07-03 23:59:59		
40022	30001	3	23	1342	2	3	8511		10	10		205701022					0					2023-06-23 11:00:00	2023-07-03 23:59:59		
40023	30001	3	24	1342	2	3	8511		30	30		205701023					0					2023-06-23 11:00:00	2023-07-03 23:59:59		
40024	30001	3	25	1342	2	3	8511		50	50		205701024					0					2023-06-23 11:00:00	2023-07-03 23:59:59		
40025	30001	3	26	1342	2	3	8511		100	100		205701025					0					2023-06-23 11:00:00	2023-07-03 23:59:59		
40026	30001	3	27	1342	2	3	8511		150	150		205701026					0					2023-06-23 11:00:00	2023-07-03 23:59:59		
40027	30001	3	28	1342	2	3	8511		200	200		205701027					0					2023-06-23 11:00:00	2023-07-03 23:59:59		
40028	30001	3	29	1343	2	1			400	400		205701028					0					2023-06-23 11:00:00	2023-07-03 23:59:59		
40029	30001	3	30	1343	2	1			1000	1000		205701029					0					2023-06-23 11:00:00	2023-07-03 23:59:59		
40030	30001	3	31	1343	2	1			2000	2000		205701030					0					2023-06-23 11:00:00	2023-07-03 23:59:59		
40031	30001	3	32	1343	2	1			4000	4000		205701031					0					2023-06-23 11:00:00	2023-07-03 23:59:59		
40032	30001	3	33	1343	2	1			6000	6000		205701032					0					2023-06-23 11:00:00	2023-07-03 23:59:59		
40033	30001	3	34	1343	2	1			8000	8000		205701033					0					2023-06-23 11:00:00	2023-07-03 23:59:59		
40034	30001	3	35	1343	2	1			10000	10000		205701034					0					2023-06-23 11:00:00	2023-07-03 23:59:59		
40035	30001	3	36	1142	2	4	21		1	1		205701035					0					2023-06-23 11:00:00	2023-07-03 23:59:59		
40036	30001	3	37	1143	2	4	21		3	3		205701036					0					2023-06-23 11:00:00	2023-07-03 23:59:59		
40037	30001	3	38	1144	2	4	21		5	5		205701037					0					2023-06-23 11:00:00	2023-07-03 23:59:59		
40038	30001	3	39	1145	2	4	13		1	1		205701038					0					2023-06-23 11:00:00	2023-07-03 23:59:59		
40039	30001	3	40	1146	2	4	13		3	3		205701039					0					2023-06-23 11:00:00	2023-07-03 23:59:59		
40040	30001	3	41	1147	2	4	13		5	5		205701040					0					2023-06-23 11:00:00	2023-07-03 23:59:59		
40041	30001	3	42	1134	2	155	1		1	1		205701041					0					2023-06-23 11:00:00	2023-07-03 23:59:59		
50010	50010	13	1	1211	2	50			1	1		40101					0					2020-05-01 00:00:00	2100-12-31 12:59:59		
50020	50020	13	1	1212	2	50			1	1		40201	5	50010			0					2020-05-01 00:00:00	2100-12-31 12:59:59		
50030	50030	13	1	1213	2	50			1	1		40301	5	50020			0					2020-05-01 00:00:00	2100-12-31 12:59:59		
50040	50040	13	1	1214	2	50			1	1		40401	5	50030			0					2020-05-01 00:00:00	2100-12-31 12:59:59		
50050	50050	13	1	1215	2	50			1	1		40501	5	50040			0					2020-05-01 00:00:00	2100-12-31 12:59:59		
50051	50050	13	2	1216	2	50			1	1		40502	5	50040			0					2020-05-01 00:00:00	2100-12-31 12:59:59		
50060	50060	13	1	1217	2	50			1	1		40601	5	50050			0					2020-05-01 00:00:00	2100-12-31 12:59:59		
50070	50070	13	1	1219	2	50			1	1		40701	5	50060			0					2020-05-01 00:00:00	2100-12-31 12:59:59		
50080	50080	13	1	1220	2	50			1	1		40801	5	50070			0					2020-05-01 00:00:00	2100-12-31 12:59:59		
51011	51090	13	1	1221	2	153			1	1		2000000023	6	50080			0			1		2020-05-01 00:00:00	2100-12-31 12:59:59		
51012	51090	13	2	1222	2	50			1	1		2000000029	5	50080			0					2020-05-01 00:00:00	2100-12-31 12:59:59		
51093	51090	13	3	1224	2	51			1	1		2000000014	6	50080			0			50		2020-05-01 00:00:00	2100-12-31 12:59:59		
51094	51090	13	4	1225	2	197			1	1		2000000008	6	50080			0			20		2020-05-01 00:00:00	2100-12-31 12:59:59		
51095	51090	13	5	1226	2	198			1	1		2000000013	6	50080			0			30		2020-05-01 00:00:00	2100-12-31 12:59:59		
51101	51100	13	4	1227	2	153			1	1		2000000001	6	51090			0			1		2020-05-01 00:00:00	2100-12-31 12:59:59		
51102	51100	13	1	1228	2	46	1		1	1		2000000030	6	51090			0			53	2	2020-05-01 00:00:00	2100-12-31 12:59:59		
51103	51100	13	2	1229	2	46	2		1	1		2000000025	6	51090			0			53	1	2020-05-01 00:00:00	2100-12-31 12:59:59		
51104	51100	13	5	1225	2	197			1	1		2000000026	6	51090			0			20		2020-05-01 00:00:00	2100-12-31 12:59:59		
51105	51100	13	6	1226	2	198			1	1		2000000014	6	51090			0			30		2020-05-01 00:00:00	2100-12-31 12:59:59		
51106	51100	13	3	1230	2	77	3013		1	1		2000000004	6	51090			0			51		2020-05-01 00:00:00	2100-12-31 12:59:59		
52011	52010	13	1	1225	2	197			1	1		2000000027	6	51100			0			20		2020-05-01 00:00:00	2100-12-31 12:59:59		
52012	52010	13	2	1225	2	197			1	1		2000000026	6	51100			0			20		2020-05-01 00:00:00	2100-12-31 12:59:59		
52013	52010	13	3	1227	2	153			1	1		2000000028	6	51100			0			1		2020-05-01 00:00:00	2100-12-31 12:59:59		
52014	52010	13	4	1226	2	198			1	1		2000000002	6	51100			0			30		2020-05-01 00:00:00	2100-12-31 12:59:59		
52015	52010	13	5	1226	2	198			1	1		2000000001	6	51100			0			30		2020-05-01 00:00:00	2100-12-31 12:59:59		
52021	52020	13	1	1231	2	172		4	1	1		2000000008	6	52010			0			1		2020-05-01 00:00:00	2100-12-31 12:59:59		
52022	52020	13	2	1232	2	165	1		1	1		2000000012	6	52010			0			41		2020-05-01 00:00:00	2100-12-31 12:59:59		
52023	52020	13	3	1233	2	165	2		1	1		2000000013	6	52010			0			41		2020-05-01 00:00:00	2100-12-31 12:59:59		
52024	52020	13	4	1234	2	17			1	1		2000000014	6	52010			0			10		2020-05-01 00:00:00	2100-12-31 12:59:59		
52025	52020	13	5	1235	2	191			1	1		2000000013	6	52010			0			52		2020-05-01 00:00:00	2100-12-31 12:59:59		
52031	52030	13	1	1236	2	172		5	1	1		2000000004	6	52020			0			1		2020-05-01 00:00:00	2100-12-31 12:59:59		
52032	52030	13	2	1200	3	179	1		100	100		2000000017	6	52020			0			1		2020-05-01 00:00:00	2100-12-31 12:59:59		
52033	52030	13	3	1237	3	179	2		100	100		2000000012	6	52020			0			1		2020-05-01 00:00:00	2100-12-31 12:59:59		
52034	52030	13	4	1238	3	179	3		100	100		2000000012	6	52020			0			1		2020-05-01 00:00:00	2100-12-31 12:59:59		
52035	52030	13	5	1239	3	179	4		100	100		2000000013	6	52020			0			1		2020-05-01 00:00:00	2100-12-31 12:59:59		
52036	52030	13	6	1240	3	179	5		100	100		2000000020	6	52020			0			1		2020-05-01 00:00:00	2100-12-31 12:59:59		
52041	52040	13	1	1241	2	172		6	1	1		2000000018	6	52030			0			1		2020-05-01 00:00:00	2100-12-31 12:59:59		
52042	52040	13	2	1242	2	197	8		1	1		2000000012	6	52030			0			21		2020-05-01 00:00:00	2100-12-31 12:59:59		
52043	52040	13	3	1243	2	198	13		1	1		2000000013	6	52030			0			30		2020-05-01 00:00:00	2100-12-31 12:59:59		
52044	52040	13	4	1244	2	149			1	1		2000000013	6	52030			0			11		2020-05-01 00:00:00	2100-12-31 12:59:59		
52051	52050	13	1	1225	2	197			1	1		2000000005	6	52040			0			20		2020-05-01 00:00:00	2100-12-31 12:59:59		
52052	52050	13	2	1226	2	198			1	1		2000000012	6	52040			0			30		2020-05-01 00:00:00	2100-12-31 12:59:59		
52053	52050	13	3	1246	2	169			1	1		2000000013	6	52040			0			47		2020-05-01 00:00:00	2100-12-31 12:59:59		
52054	52050	13	4	1247	2	170			1	1		2000000020	6	52040			0			48		2020-05-01 00:00:00	2100-12-31 12:59:59		
52061	52060	13	1	1248	2	153	1021		1	1		2000000004	6	52050			0			1	1021	2020-05-01 00:00:00	2100-12-31 12:59:59		
52062	52060	13	2	1225	2	197			1	1		2000000012	6	52050			0			20		2020-05-01 00:00:00	2100-12-31 12:59:59		
52063	52060	13	3	1226	2	198			1	1		2000000013	6	52050			0			30		2020-05-01 00:00:00	2100-12-31 12:59:59		
52071	52070	13	1	1250	3	174	1		120	120		2000000019	6	52060			0			1		2020-05-01 00:00:00	2100-12-31 12:59:59		
52072	52070	13	2	1251	3	174	2		120	120		2000000012	6	52060			0			1		2020-05-01 00:00:00	2100-12-31 12:59:59		
52073	52070	13	3	1252	3	174	3		120	120		2000000012	6	52060			0			1		2020-05-01 00:00:00	2100-12-31 12:59:59		
52074	52070	13	4	1253	3	174	4		120	120		2000000031	6	52060			0			1		2020-05-01 00:00:00	2100-12-31 12:59:59		
52075	52070	13	5	1254	3	174	5		120	120		2000000014	6	52060			0			1		2020-05-01 00:00:00	2100-12-31 12:59:59		
52081	52080	13	1	1225	2	197			1	1		2000000018	6	52070			0			20		2020-05-01 00:00:00	2100-12-31 12:59:59		
52082	52080	13	2	1226	2	198			1	1		2000000012	6	52070			0			30		2020-05-01 00:00:00	2100-12-31 12:59:59		
52084	52080	13	4	1255	2	153	1031		1	1		2000000014	6	52070			0			1	1031	2020-05-01 00:00:00	2100-12-31 12:59:59		
52091	52090	13	1	1256	2	153	1041		1	1		2000000005	6	52080			0			1	1041	2020-05-01 00:00:00	2100-12-31 12:59:59		
52092	52090	13	2	1257	2	167			1	1		2000000012					0			43		2020-05-01 00:00:00	2100-12-31 12:59:59		
52093	52090	13	3	1234	2	17			1	1		2000000013	6	52080			0			10		2020-05-01 00:00:00	2100-12-31 12:59:59		
52094	52090	13	4	1244	2	149			1	1		2000000014	6	52080			0			11		2020-05-01 00:00:00	2100-12-31 12:59:59		
52101	52100	13	1	1258	3	180	1		3	3		2000000017	6	52090			0			1		2020-05-01 00:00:00	2100-12-31 12:59:59		
52102	52100	13	2	1259	3	180	2		3	3		2000000012	6	52090			0			1		2020-05-01 00:00:00	2100-12-31 12:59:59		
52103	52100	13	3	1260	3	180	3		3	3		2000000012	6	52090			0			1		2020-05-01 00:00:00	2100-12-31 12:59:59		
52104	52100	13	4	1225	2	197			1	1		2000000013	6	52090			0			20		2020-05-01 00:00:00	2100-12-31 12:59:59		
52105	52100	13	5	1226	2	198			1	1		2000000014	6	52090			0			30		2020-05-01 00:00:00	2100-12-31 12:59:59		
52111	52110	13	1	1261	2	172		7	1	1		2000000004	6	52100			0			1		2020-05-01 00:00:00	2100-12-31 12:59:59		
52112	52110	13	2	1262	3	176			3	3		2000000012	6	52100			0			1		2020-05-01 00:00:00	2100-12-31 12:59:59		
52113	52110	13	3	1242	2	197	8		1	1		2000000012	6	52100			0			21		2020-05-01 00:00:00	2100-12-31 12:59:59		
52114	52110	13	4	1243	2	198	13		1	1		2000000013	6	52100			0			30		2020-05-01 00:00:00	2100-12-31 12:59:59		
52115	52110	13	5	1263	2	128			1	1		2000000014	6	52100			0			44		2020-05-01 00:00:00	2100-12-31 12:59:59		
53011	53010	13	1	1242	2	197	8		1	1		2000000027	6	52110			0			21		2020-05-01 00:00:00	2100-12-31 12:59:59		
53012	53010	13	1	1243	2	198	13		1	1		2000000012	6	52110			0			30	8	2020-05-01 00:00:00	2100-12-31 12:59:59		
53013	53010	13	1	1225	2	197			1	1		2000000013	6	52110			0			20		2020-05-01 00:00:00	2100-12-31 12:59:59		
53014	53010	13	1	1226	2	198			1	1		2000000014	6	52110			0			30	4	2020-05-01 00:00:00	2100-12-31 12:59:59		
53021	53020	13	1	1269	2	176			4	4		2000000004	6	53010			0			1		2020-05-01 00:00:00	2100-12-31 12:59:59		
53022	53020	13	1	1270	2	198	3	1	1	1		2000000012	6	53010			0			30	2	2020-05-01 00:00:00	2100-12-31 12:59:59		
53023	53020	13	1	1271	2	160	1		1	1		2000000013	6	53010			0			12		2020-05-01 00:00:00	2100-12-31 12:59:59		
53031	53030	13	1	1201	3	175	1		20	20		2000000004	6	53020			0			1		2020-05-01 00:00:00	2100-12-31 12:59:59		
53032	53030	13	1	1273	3	175	2		20	20		2000000012	6	53020			0			1		2020-05-01 00:00:00	2100-12-31 12:59:59		
53033	53030	13	1	1274	3	175	3		20	20		2000000012	6	53020			0			1		2020-05-01 00:00:00	2100-12-31 12:59:59		
53034	53030	13	1	1275	3	175	4		20	20		2000000013	6	53020			0			1		2020-05-01 00:00:00	2100-12-31 12:59:59		
53035	53030	13	1	1276	3	175	5		20	20		2000000014	6	53020			0			1		2020-05-01 00:00:00	2100-12-31 12:59:59		
53041	53040	13	1	1277	2	172		8	1	1		2000000018	6	53030			0			1		2020-05-01 00:00:00	2100-12-31 12:59:59		
53042	53040	13	1	1278	3	180	4		2	2		2000000012	6	53030			0			1		2020-05-01 00:00:00	2100-12-31 12:59:59		
53043	53040	13	1	1279	3	180	5		2	2		2000000013	6	53030			0			1		2020-05-01 00:00:00	2100-12-31 12:59:59		
53044	53040	13	1	1280	3	180	6		2	2		2000000014	6	53030			0			1		2020-05-01 00:00:00	2100-12-31 12:59:59		
53051	53050	13	1	1281	2	161	1	1	1	1		2000000005	6	53040			0			20		2020-05-01 00:00:00	2100-12-31 12:59:59		
53052	53050	13	1	1282	2	161	2	1	1	1		2000000012	6	53040			0			21		2020-05-01 00:00:00	2100-12-31 12:59:59		
53053	53050	13	1	1283	2	161	1	2	1	1		2000000013	6	53040			0			20		2020-05-01 00:00:00	2100-12-31 12:59:59		
53054	53050	13	1	1284	2	161	2	2	1	1		2000000014	6	53040			0			21		2020-05-01 00:00:00	2100-12-31 12:59:59		
53061	53060	13	1	1285	3	178	1		3	3		2000000004	6	53050			0			1		2020-05-01 00:00:00	2100-12-31 12:59:59		
53062	53060	13	1	1286	3	178	2		3	3		2000000012	6	53050			0			1		2020-05-01 00:00:00	2100-12-31 12:59:59		
53063	53060	13	1	1287	3	178	3		3	3		2000000012	6	53050			0			1		2020-05-01 00:00:00	2100-12-31 12:59:59		
53064	53060	13	1	1288	3	178	4		3	3		2000000013	6	53050			0			1		2020-05-01 00:00:00	2100-12-31 12:59:59		
53065	53060	13	1	1199	3	178	5		3	3		2000000014	6	53050			0			1		2020-05-01 00:00:00	2100-12-31 12:59:59		
53071	53070	13	1	1289	3	173	101101		2	2		2000000019	6	53060			0			1	1011	2020-05-01 00:00:00	2100-12-31 12:59:59		
53072	53070	13	1	1290	3	173	101102		2	2		2000000012	6	53060			0			1	1011	2020-05-01 00:00:00	2100-12-31 12:59:59		
53073	53070	13	1	1204	3	173	101103		2	2		2000000013	6	53060			0			1	1011	2020-05-01 00:00:00	2100-12-31 12:59:59		
53074	53070	13	1	1205	3	173	101104		2	2		2000000014	6	53060			0			1	1011	2020-05-01 00:00:00	2100-12-31 12:59:59		
53081	53080	13	1	1291	3	173	102101		2	2		2000000018	6	53070			0			1	1021	2020-05-01 00:00:00	2100-12-31 12:59:59		
53082	53080	13	1	1292	3	173	102102		2	2		2000000012	6	53070			0			1	1021	2020-05-01 00:00:00	2100-12-31 12:59:59		
53083	53080	13	1	1293	3	173	102103		2	2		2000000012	6	53070			0			1	1021	2020-05-01 00:00:00	2100-12-31 12:59:59		
53084	53080	13	1	1294	3	173	102104		2	2		2000000014	6	53070			0			1	1021	2020-05-01 00:00:00	2100-12-31 12:59:59		
53091	53090	13	1	1295	3	173	103101		2	2		2000000005	6	53080			0			1	1031	2020-05-01 00:00:00	2100-12-31 12:59:59		
53092	53090	13	1	1296	3	173	103102		2	2		2000000012	6	53080			0			1	1031	2020-05-01 00:00:00	2100-12-31 12:59:59		
53093	53090	13	1	1297	3	173	103103		2	2		2000000013	6	53080			0			1	1031	2020-05-01 00:00:00	2100-12-31 12:59:59		
53094	53090	13	1	1298	3	173	103104		2	2		2000000014	6	53080			0			1	1031	2020-05-01 00:00:00	2100-12-31 12:59:59		
53101	53100	13	1	1299	3	173	104101		2	2		2000000017	6	53090			0			1	1041	2020-05-01 00:00:00	2100-12-31 12:59:59		
53103	53100	13	1	1300	3	173	104102		2	2		2000000012	6	53090			0			1	1041	2020-05-01 00:00:00	2100-12-31 12:59:59		
53104	53100	13	1	1301	3	173	104103		2	2		2000000013	6	53090			0			1	1041	2020-05-01 00:00:00	2100-12-31 12:59:59		
53105	53100	13	1	1302	3	173	104104		2	2		2000000014	6	53090			0			1	1041	2020-05-01 00:00:00	2100-12-31 12:59:59		
53111	53110	13	1	1303	2	172		9	1	1		2000000004	6	53100			0			1		2020-05-01 00:00:00	2100-12-31 12:59:59		
53112	53110	13	1	1202	3	176			5	5		2000000012	6	53100			0			1		2020-05-01 00:00:00	2100-12-31 12:59:59		
53113	53110	13	1	1304	2	161	1	3	1	1		2000000012	6	53100			0			20		2020-05-01 00:00:00	2100-12-31 12:59:59		
53114	53110	13	1	1305	2	161	2	3	1	1		2000000013	6	53100			0			21		2020-05-01 00:00:00	2100-12-31 12:59:59		
53115	53110	13	1	1263	2	128			1	1		2000000020	6	53100			0			44		2020-05-01 00:00:00	2100-12-31 12:59:59		
54011	54010	13	1	1306	3	173	101101		3	3		2000000027	6	53110			0			1	1011	2020-05-01 00:00:00	2100-12-31 12:59:59		
54012	54010	13	1	1307	3	173	101102		3	3		2000000012	6	53110			0			1	1011	2020-05-01 00:00:00	2100-12-31 12:59:59		
54013	54010	13	1	1308	2	161	1	3	1	1		2000000013	6	53110			0			20		2020-05-01 00:00:00	2100-12-31 12:59:59		
54021	54020	13	1	1309	3	173	102101		3	3		2000000004	6	54010			0			1	1021	2020-05-01 00:00:00	2100-12-31 12:59:59		
54022	54020	13	1	1310	3	173	102102		3	3		2000000012	6	54010			0			1	1021	2020-05-01 00:00:00	2100-12-31 12:59:59		
54023	54020	13	1	1308	2	161	1	3	1	1		2000000013	6	54010			0			20		2020-05-01 00:00:00	2100-12-31 12:59:59		
54031	54030	13	1	1203	3	175	1		100	100		2000000017	6	54020			0			1		2020-05-01 00:00:00	2100-12-31 12:59:59		
54032	54030	13	1	1311	3	175	2		100	100		2000000012	6	54020			0			1		2020-05-01 00:00:00	2100-12-31 12:59:59		
54033	54030	13	1	1312	3	175	3		100	100		2000000012	6	54020			0			1		2020-05-01 00:00:00	2100-12-31 12:59:59		
54034	54030	13	1	1313	3	175	4		100	100		2000000013	6	54020			0			1		2020-05-01 00:00:00	2100-12-31 12:59:59		
54035	54030	13	1	1314	3	175	5		100	100		2000000020	6	54020			0			1		2020-05-01 00:00:00	2100-12-31 12:59:59		
54041	54040	13	1	1315	3	173	103101		3	3		2000000005	6	54030			0			1	1031	2020-05-01 00:00:00	2100-12-31 12:59:59		
54042	54040	13	1	1316	3	173	103102		3	3		2000000012	6	54030			0			1	1031	2020-05-01 00:00:00	2100-12-31 12:59:59		
54043	54040	13	1	1304	2	161	1	3	1	1		2000000013	6	54030			0			20		2020-05-01 00:00:00	2100-12-31 12:59:59		
54044	54040	13	1	1245	2	168			1	1		2000000014	6	54030			0					2020-05-01 00:00:00	2020-12-31 12:59:59		
54051	54050	13	1	1317	3	173	104101		3	3		2000000018	6	54040			0			1	1041	2020-05-01 00:00:00	2100-12-31 12:59:59		
54052	54050	13	1	1318	3	173	104102		3	3		2000000012	6	54040			0			1	1041	2020-05-01 00:00:00	2100-12-31 12:59:59		
54053	54050	13	1	1304	2	161	1	3	1	1		2000000013	6	54040			0			20		2020-05-01 00:00:00	2100-12-31 12:59:59		
54061	54060	13	1	1319	2	172		10	1	1		2000000004	6	54050			0			1		2020-05-01 00:00:00	2100-12-31 12:59:59		
54062	54060	13	1	1320	2	161	1	3	3	3		2000000012	6	54050			0			20		2020-05-01 00:00:00	2100-12-31 12:59:59		
54063	54060	13	1	1321	2	161	2	3	1	1		2000000013	6	54050			0			21		2020-05-01 00:00:00	2100-12-31 12:59:59		
54064	54060	13	1	1263	2	128			1	1		2000000020	6	54050			0			44		2020-05-01 00:00:00	2100-12-31 12:59:59		
54071	54070	13	1	1322	3	180	1		6	6		2000000019	6	54060			0			1		2020-05-01 00:00:00	2100-12-31 12:59:59		
54072	54070	13	1	1323	3	180	2		6	6		2000000012	6	54060			0			1		2020-05-01 00:00:00	2100-12-31 12:59:59		
54073	54070	13	1	1324	3	180	3		5	5		2000000013	6	54060			0			1		2020-05-01 00:00:00	2100-12-31 12:59:59		
54081	54080	13	1	1325	3	180	4		5	5		2000000005	6	54070			0			1		2020-05-01 00:00:00	2100-12-31 12:59:59		
54082	54080	13	1	1326	3	180	5		5	5		2000000012	6	54070			0			1		2020-05-01 00:00:00	2100-12-31 12:59:59		
54083	54080	13	1	1327	3	180	6		5	5		2000000013	6	54070			0			1		2020-05-01 00:00:00	2100-12-31 12:59:59		
54091	54090	13	1	1328	3	173	101103		3	3		2000000018	6	54080			0			1	1011	2020-05-01 00:00:00	2100-12-31 12:59:59		
54092	54090	13	1	1329	3	173	101104		3	3		2000000012	6	54080			0			1	1011	2020-05-01 00:00:00	2100-12-31 12:59:59		
54093	54090	13	1	1330	3	173	102103		3	3		2000000013	6	54080			0			1	1021	2020-05-01 00:00:00	2100-12-31 12:59:59		
54094	54090	13	1	1331	3	173	102104		3	3		2000000020	6	54080			0			1	1021	2020-05-01 00:00:00	2100-12-31 12:59:59		
54101	54100	13	1	1332	3	173	103103		3	3		2000000005	6	54090			0			1	1031	2020-05-01 00:00:00	2100-12-31 12:59:59		
54102	54100	13	1	1333	3	173	103104		3	3		2000000012	6	54090			0			1	1031	2020-05-01 00:00:00	2100-12-31 12:59:59		
54103	54100	13	1	1334	3	173	104103		3	3		2000000013	6	54090			0			1	1041	2020-05-01 00:00:00	2100-12-31 12:59:59		
54104	54100	13	1	1335	3	173	104104		3	3		2000000020	6	54090			0			1	1041	2020-05-01 00:00:00	2100-12-31 12:59:59		
54111	54110	13	1	1336	2	172		11	1	1		2000000004	6	54100			0			1		2020-05-01 00:00:00	2100-12-31 12:59:59		
54112	54110	13	1	1337	3	176			10	10		2000000012	6	54100			0			1		2020-05-01 00:00:00	2100-12-31 12:59:59		
54113	54110	13	1	1320	2	161	1	3	3	3		2000000012	6	54100			0			20		2020-05-01 00:00:00	2100-12-31 12:59:59		
54114	54110	13	1	1338	2	161	2	3	1	1		2000000013	6	54100			0			21		2020-05-01 00:00:00	2100-12-31 12:59:59		
54115	54110	13	1	1263	2	128			1	1		2000000020	6	54100			0			44		2020-05-01 00:00:00	2100-12-31 12:59:59		
70101	701	10	1	1339	2	81			14	14		203701001					0					2023-06-20 11:00:00	2023-06-28 23:59:59		
70102	701	10	2	1005	2	153			1	1		203701002					0					2023-06-20 11:00:00	2023-06-28 23:59:59		
70103	701	10	3	1005	2	153			2	2		203701003					0					2023-06-20 11:00:00	2023-06-28 23:59:59		
70104	701	10	4	1005	2	153			3	3		203701004					0					2023-06-20 11:00:00	2023-06-28 23:59:59		
70105	701	10	5	1005	2	153			5	5		203701005					0					2023-06-20 11:00:00	2023-06-28 23:59:59		
70106	701	10	6	1005	2	153			7	7		203701006					0					2023-06-20 11:00:00	2023-06-28 23:59:59		
70107	701	10	7	1005	2	153			10	10		203701007					0					2023-06-20 11:00:00	2023-06-28 23:59:59		
70108	701	10	8	1005	2	153			15	15		203701008					0					2023-06-20 11:00:00	2023-06-28 23:59:59		
70109	701	10	9	1340	2	155			1	1		203701009					0					2023-06-20 11:00:00	2023-06-28 23:59:59		
70110	701	10	10	1340	2	155			2	2		203701010					0					2023-06-20 11:00:00	2023-06-28 23:59:59		
70111	701	10	11	1340	2	155			3	3		203701011					0					2023-06-20 11:00:00	2023-06-28 23:59:59		
70112	701	10	12	1340	2	155			5	5		203701012					0					2023-06-20 11:00:00	2023-06-28 23:59:59		
70113	701	10	13	1340	2	155			7	7		203701013					0					2023-06-20 11:00:00	2023-06-28 23:59:59		
70114	701	10	14	1340	2	155			10	10		203701014					0					2023-06-20 11:00:00	2023-06-28 23:59:59		
70115	701	10	15	1340	2	155			15	15		203701015					0					2023-06-20 11:00:00	2023-06-28 23:59:59		
70201	702	10	1	1339	2	81			14	14		203702001					0					2023-07-01 11:00:00	2023-07-10 21:59:59		
70202	702	10	2	1005	2	153			1	1		203702002					0					2023-07-01 11:00:00	2023-07-10 21:59:59		
70203	702	10	3	1005	2	153			2	2		203702003					0					2023-07-01 11:00:00	2023-07-10 21:59:59		
70204	702	10	4	1005	2	153			3	3		203702004					0					2023-07-01 11:00:00	2023-07-10 21:59:59		
70205	702	10	5	1005	2	153			5	5		203702005					0					2023-07-01 11:00:00	2023-07-10 21:59:59		
70206	702	10	6	1005	2	153			7	7		203702006					0					2023-07-01 11:00:00	2023-07-10 21:59:59		
70207	702	10	7	1005	2	153			10	10		203702007					0					2023-07-01 11:00:00	2023-07-10 21:59:59		
70208	702	10	8	1005	2	153			15	15		203702008					0					2023-07-01 11:00:00	2023-07-10 21:59:59		
70209	702	10	9	1340	2	155			1	1		203702009					0					2023-07-01 11:00:00	2023-07-10 21:59:59		
70210	702	10	10	1340	2	155			2	2		203702010					0					2023-07-01 11:00:00	2023-07-10 21:59:59		
70211	702	10	11	1340	2	155			3	3		203702011					0					2023-07-01 11:00:00	2023-07-10 21:59:59		
70212	702	10	12	1340	2	155			5	5		203702012					0					2023-07-01 11:00:00	2023-07-10 21:59:59		
70213	702	10	13	1340	2	155			7	7		203702013					0					2023-07-01 11:00:00	2023-07-10 21:59:59		
70214	702	10	14	1340	2	155			10	10		203702014					0					2023-07-01 11:00:00	2023-07-10 21:59:59		
70215	702	10	15	1340	2	155			15	15		203702015					0					2023-07-01 11:00:00	2023-07-10 21:59:59		
100401	1	1	86	1080	1	4	13		1	1		1900100301					0					2020-05-01 00:00:00	2100-12-31 12:59:59		
100402	1	1	87	1081	1	4	21		1	1		1900100301					0					2020-05-01 00:00:00	2100-12-31 12:59:59		
100403	1	1	88	1082	1	4	18		1	1		1900100301					0					2020-05-01 00:00:00	2100-12-31 12:59:59		
100404	1	1	89	1083	1	4	19		1	1		1900100301					0					2020-05-01 00:00:00	2100-12-31 12:59:59		
100405	1	1	90	1084	1	4	22		1	1		1900100301					0					2020-05-01 00:00:00	2100-12-31 12:59:59		
100406	1	1	91	1085	1	4	12		1	1		1900100301					0					2020-05-01 00:00:00	2100-12-31 12:59:59		
100407	1	1	92	1086	1	4	11		1	1		1900100301					0					2020-05-01 00:00:00	2100-12-31 12:59:59		
100408	1	1	93	1087	1	4	20		1	1		1900100301					0					2020-05-01 00:00:00	2100-12-31 12:59:59		
100501	1	1	4	1004	3	5			2	100	1	1900100301					0	"""ホーム"""	gamehome			2020-05-01 00:00:00	2100-12-31 12:59:59		
100601	1	1	2	1002	1	6			30	30		1900102601					0	"""ホーム"""	gamehome			2020-05-01 00:00:00	2100-12-31 12:59:59		
100602	1	1	3	1003	1	6			50	400	50	1900102601	3	100601			0	"""ホーム"""	gamehome			2020-05-01 00:00:00	2100-12-31 12:59:59		
101301	1	1	1	1001	1	13			50	250	50	1900100501					0	"""ホーム"""	gamehome			2020-05-01 00:00:00	2100-12-31 12:59:59		
101501	1	1	77	1072	1	15			1	100	99	1900100301					0					2020-05-01 00:00:00	2100-12-31 12:59:59		
102101	1	1	5	1005	1	153			1	10	1	1900102101					0	"""ホーム"""	gamehome			2020-05-01 00:00:00	2100-12-31 12:59:59		
102102	1	1	6	1005	1	153			20	100	10	1900102102	3	102101	10	1	0	"""ホーム"""	gamehome			2020-05-01 00:00:00	2100-12-31 12:59:59		
102103	1	1	7	1005	1	153			150	1000	50	1900100301	3	102102	9	1	0	"""ホーム"""	gamehome			2020-05-01 00:00:00	2100-12-31 12:59:59		
102601	1	1	8	1006	1	186	51100		1	1		1900100601					0	"""ホーム"""	gamehome			2020-05-01 00:00:00	2100-12-31 12:59:59		
102602	1	1	9	1007	1	186	52110		1	1		1900100601	3	102601	1		0					2020-05-01 00:00:00	2100-12-31 12:59:59		
102603	1	1	10	1008	1	186	53110		1	1		1900100601	3	102602	1		0					2020-05-01 00:00:00	2100-12-31 12:59:59		
102604	1	1	11	1009	1	186	54110		1	1		1900100601	3	102603	1		0					2020-05-01 00:00:00	2100-12-31 12:59:59		
102611	1	1	13	1011	1	153	1011		1	1		1900100601					0					2020-05-01 00:00:00	2100-12-31 12:59:59		
102612	1	1	14	1012	1	153	1021		1	1		1900100601					0					2020-05-01 00:00:00	2100-12-31 12:59:59		
102613	1	1	15	1012	1	153	1021		1	1		1900300301					0					2020-05-01 00:00:00	2100-12-31 12:59:59		
102614	1	1	16	1013	1	153	1031		1	1		1900100601					0					2020-05-01 00:00:00	2100-12-31 12:59:59		
102615	1	1	17	1013	1	153	1031		1	1		1900300302					0					2020-05-01 00:00:00	2100-12-31 12:59:59		
102616	1	1	18	1014	1	153	1041		1	1		1900100601					0					2020-05-01 00:00:00	2100-12-31 12:59:59		
102617	1	1	19	1014	1	153	1041		1	1		1900300303					0					2020-05-01 00:00:00	2100-12-31 12:59:59		
102618	1	1	20	1015	1	153	1051		1	1		1900100601					0					2023-07-01 11:00:00	2100-12-31 12:59:59		
105601	1	1	73	1068	1	154	1		5	1000	5	1900105601					0					2020-05-01 00:00:00	2100-12-31 12:59:59		
105602	1	1	75	1070	1	155	1		10	100	10	1900100301					0					2020-05-01 00:00:00	2100-12-31 12:59:59		
105603	1	1	76	1071	1	155	2		10	100	10	1900100301					0					2020-05-01 00:00:00	2100-12-31 12:59:59		
105604	1	1	74	1069	1	154	2		3	90	3	1900105601					0					2020-05-01 00:00:00	2100-12-31 12:59:59		
105701	1	1	69	1064	2	58	10	14	2	20	2	1900100301					0					2020-05-01 00:00:00	2100-12-31 12:59:59		
105702	1	1	70	1065	2	58	15	14	2	50	2	1900100301					0					2020-05-01 00:00:00	2100-12-31 12:59:59		
105704	1	1	71	1066	2	58	20	14	1	60	1	1900100301					0					2020-05-01 00:00:00	2100-12-31 12:59:59		
105705	1	1	72	1067	2	187			20	200	20	1900100301					0					2020-05-01 00:00:00	2100-12-31 12:59:59		
105801	1	1	65	1060	2	58	40		2	20	2	1900100301					0					2020-05-01 00:00:00	2100-12-31 12:59:59		
105802	1	1	66	1061	2	58	50		2	50	2	1900100301					0					2020-05-01 00:00:00	2100-12-31 12:59:59		
105804	1	1	67	1062	2	58	60		1	120	1	1900100301					0					2020-05-01 00:00:00	2100-12-31 12:59:59		
105805	1	1	68	1063	2	57			60	600	60	1900100301					0					2020-05-01 00:00:00	2100-12-31 12:59:59		
106001	1	1	84	1078	1	150			1	1		1900100301					0					2020-05-01 00:00:00	2100-12-31 12:59:59		
106002	1	1	85	1079	1	150			4	100	4	1900100301	3	106001	1	1	0					2020-05-01 00:00:00	2100-12-31 12:59:59		
106703	1	1	81	1075	1	67			1	100	1	1900100301					0					2020-05-01 00:00:00	2100-12-31 12:59:59		
107801	1	1	78	1073	1	78			1	1		1900100301					0					2020-05-01 00:00:00	2100-12-31 12:59:59		
107802	1	1	79	1074	1	78			5	45	5	1900100301	3	107801	1		0					2020-05-01 00:00:00	2100-12-31 12:59:59		
107803	1	1	80	1074	1	78			50	100	10	1900100301	3	107802	9		0					2020-05-01 00:00:00	2100-12-31 12:59:59		
109601	1	1	82	1076	1	56	2		1	1		1900100301					0					2020-05-01 00:00:00	2100-12-31 12:59:59		
109602	1	1	83	1077	1	56	2		4	100	4	1900100301	3	109601	1	1	0					2020-05-01 00:00:00	2100-12-31 12:59:59		
112001	1	1	21	1016	3	183	70010101		1	1		1900100301					0					2020-05-01 00:00:00	2100-12-31 12:59:59		
112002	1	1	22	1017	3	183	70010102		1	1		1900100301	3	112001	1		0					2020-05-01 00:00:00	2100-12-31 12:59:59		
112003	1	1	23	1018	3	183	70010103		1	1		1900100301	3	112002	1		0					2020-05-01 00:00:00	2100-12-31 12:59:59		
112004	1	1	24	1019	3	183	70010104		1	1		1900100301	3	112003	1		0					2020-05-01 00:00:00	2100-12-31 12:59:59		
112005	1	1	25	1020	3	183	70010105		1	1		1900100301	3	112004	1		0					2020-05-01 00:00:00	2100-12-31 12:59:59		
112006	1	1	26	1021	3	183	70010106		1	1		1900100301	3	112005	1		0					2020-05-01 00:00:00	2100-12-31 12:59:59		
112007	1	1	27	1022	3	183	70010107		1	1		1900100301	3	112006	1		0					2020-05-01 00:00:00	2100-12-31 12:59:59		
112008	1	1	28	1023	3	183	70010108		1	1		1900100301	3	112007	1		0					2020-05-01 00:00:00	2100-12-31 12:59:59		
112009	1	1	29	1024	3	183	70010109		1	1		1900100301	3	112008	1		0					2020-05-01 00:00:00	2100-12-31 12:59:59		
112010	1	1	30	1025	3	183	70010110		1	1		1900100301	3	112009	1		0					2020-05-01 00:00:00	2100-12-31 12:59:59		
112011	1	1	31	1026	3	183	70010111		1	1		1900200001	3	112010	1		0					2020-05-01 00:00:00	2100-12-31 12:59:59		
112012	1	1	32	1027	3	183	70010201		1	1		1900100301	3	112011	1		0					2020-05-01 00:00:00	2100-12-31 12:59:59		
112013	1	1	33	1028	3	183	70010202		1	1		1900100301	3	112012	1		0					2020-05-01 00:00:00	2100-12-31 12:59:59		
112014	1	1	34	1029	3	183	70010203		1	1		1900100301	3	112013	1		0					2020-05-01 00:00:00	2100-12-31 12:59:59		
112015	1	1	35	1030	3	183	70010204		1	1		1900100301	3	112014	1		0					2020-05-01 00:00:00	2100-12-31 12:59:59		
112016	1	1	36	1031	3	183	70010205		1	1		1900100301	3	112015	1		0					2020-05-01 00:00:00	2100-12-31 12:59:59		
112017	1	1	37	1032	3	183	70010206		1	1		1900100301	3	112016	1		0					2020-05-01 00:00:00	2100-12-31 12:59:59		
112018	1	1	38	1033	3	183	70010207		1	1		1900100301	3	112017	1		0					2020-05-01 00:00:00	2100-12-31 12:59:59		
112019	1	1	39	1034	3	183	70010208		1	1		1900100301	3	112018	1		0					2020-05-01 00:00:00	2100-12-31 12:59:59		
112020	1	1	40	1035	3	183	70010209		1	1		1900100301	3	112019	1		0					2020-05-01 00:00:00	2100-12-31 12:59:59		
112021	1	1	41	1036	3	183	70010210		1	1		1900100301	3	112020	1		0					2020-05-01 00:00:00	2100-12-31 12:59:59		
112022	1	1	42	1037	3	183	70010211		1	1		1900200002	3	112021	1		0					2020-05-01 00:00:00	2100-12-31 12:59:59		
112023	1	1	43	1038	3	183	70010301		1	1		1900100301	3	112022	1		0					2020-05-01 00:00:00	2100-12-31 12:59:59		
112024	1	1	44	1039	3	183	70010302		1	1		1900100301	3	112023	1		0					2020-05-01 00:00:00	2100-12-31 12:59:59		
112025	1	1	45	1040	3	183	70010303		1	1		1900100301	3	112024	1		0					2020-05-01 00:00:00	2100-12-31 12:59:59		
112026	1	1	46	1041	3	183	70010304		1	1		1900100301	3	112025	1		0					2020-05-01 00:00:00	2100-12-31 12:59:59		
112027	1	1	47	1042	3	183	70010305		1	1		1900100301	3	112026	1		0					2020-05-01 00:00:00	2100-12-31 12:59:59		
112028	1	1	48	1043	3	183	70010306		1	1		1900100301	3	112027	1		0					2020-05-01 00:00:00	2100-12-31 12:59:59		
112029	1	1	49	1044	3	183	70010307		1	1		1900100301	3	112028	1		0					2020-05-01 00:00:00	2100-12-31 12:59:59		
112030	1	1	50	1045	3	183	70010308		1	1		1900100301	3	112029	1		0					2020-05-01 00:00:00	2100-12-31 12:59:59		
112031	1	1	51	1046	3	183	70010309		1	1		1900100301	3	112030	1		0					2020-05-01 00:00:00	2100-12-31 12:59:59		
112032	1	1	52	1047	3	183	70010310		1	1		1900100301	3	112031	1		0					2020-05-01 00:00:00	2100-12-31 12:59:59		
112033	1	1	53	1048	3	183	70010311		1	1		1900200003	3	112032	1		0					2020-05-01 00:00:00	2100-12-31 12:59:59		
112034	1	1	54	1049	3	183	70010401		1	1		1900100301	3	112033	1		0					2020-05-01 00:00:00	2100-12-31 12:59:59		
112035	1	1	55	1050	3	183	70010402		1	1		1900100301	3	112034	1		0					2020-05-01 00:00:00	2100-12-31 12:59:59		
112036	1	1	56	1051	3	183	70010403		1	1		1900100301	3	112035	1		0					2020-05-01 00:00:00	2100-12-31 12:59:59		
112037	1	1	57	1052	3	183	70010404		1	1		1900100301	3	112036	1		0					2020-05-01 00:00:00	2100-12-31 12:59:59		
112038	1	1	58	1053	3	183	70010405		1	1		1900100301	3	112037	1		0					2020-05-01 00:00:00	2100-12-31 12:59:59		
112039	1	1	59	1054	3	183	70010406		1	1		1900100301	3	112038	1		0					2020-05-01 00:00:00	2100-12-31 12:59:59		
112040	1	1	60	1055	3	183	70010407		1	1		1900100301	3	112039	1		0					2020-05-01 00:00:00	2100-12-31 12:59:59		
112041	1	1	61	1056	3	183	70010408		1	1		1900100301	3	112040	1		0					2020-05-01 00:00:00	2100-12-31 12:59:59		
112042	1	1	62	1057	3	183	70010409		1	1		1900100301	3	112041	1		0					2020-05-01 00:00:00	2100-12-31 12:59:59		
112043	1	1	63	1058	3	183	70010410		1	1		1900100301	3	112042	1		0					2020-05-01 00:00:00	2100-12-31 12:59:59		
112044	1	1	64	1059	3	183	70010411		1	1		1900200004	3	112043	1		0					2020-05-01 00:00:00	2100-12-31 12:59:59		
112501	1	1	94	1088	1	156			1	12	1	1900100301					0					2020-05-01 00:00:00	2100-12-31 12:59:59		
112701	1	1	95	1089	3	157	1		1	1		1900100301					0					2020-05-01 00:00:00	2100-12-31 12:59:59		
112702	1	1	96	1090	3	157	1		3	120	3	1900100301	3	112701	1		0					2020-05-01 00:00:00	2100-12-31 12:59:59		
112900	1	1	97	1091	3	157	2		1	1		1900100301					0					2020-05-01 00:00:00	2100-12-31 12:59:59		
112901	1	1	98	1092	3	157	2		3	120	3	1900100301	3	112900	1		0					2020-05-01 00:00:00	2100-12-31 12:59:59		
112902	1	1	100	1094	3	157	3		3	120	3	1900100301	3	112904	1		0					2020-05-01 00:00:00	2100-12-31 12:59:59		
112903	1	1	102	1096	3	157	4		3	120	3	1900100301	3	112905	1		0					2020-05-01 00:00:00	2100-12-31 12:59:59		
112904	1	1	99	1093	3	157	3		1	1		1900100301					0					2020-05-01 00:00:00	2100-12-31 12:59:59		
112905	1	1	101	1095	3	157	4		1	1		1900100301					0					2020-05-01 00:00:00	2100-12-31 12:59:59		
112906	1	1	103	1097	3	188			1	1		1900100601					0					2020-05-01 00:00:00	2100-12-31 12:59:59		
112907	1	1	104	1098	3	192			1	1		1900100601					0					2020-05-01 00:00:00	2100-12-31 12:59:59		
112908	1	1	105	1099	3	137			1	1		1900100301					0					2020-05-01 00:00:00	2100-12-31 12:59:59		
112909	1	1	106	1100	3	46	4		1	1		1900100301					0					2020-05-01 00:00:00	2100-12-31 12:59:59		
112910	1	1	107	1101	3	196			1	1		1900100601					0					2033-06-15 00:00:00	2100-12-31 12:59:59		
112911	1	1	108	1102	3	185			1	1		1900100301					0					2020-05-01 00:00:00	2100-12-31 12:59:59		
112912	1	1	109	1103	3	195			1	1		1900100301					0					2020-05-01 00:00:00	2100-12-31 12:59:59		
210001	210000	15	1	1206	2	3	1001		1000	1000		400001					0					2020-05-01 00:00:00	2023-05-31 12:59:59		
210002	210000	15	1	1207	2	3	3002		1	1		400001					0					2020-05-01 00:00:00	2023-05-31 12:59:59		
210003	210000	15	1	1208	2	3	3003		1	1		400001					0					2020-05-01 00:00:00	2023-05-31 12:59:59		
210004	210000	15	1	1209	2	3	1002		1	3	1	400002					0					2020-05-01 00:00:00	2023-05-31 12:59:59		
210005	210000	15	1	1210	2	3	1003		1	3	1	400002					0					2020-05-01 00:00:00	2023-05-31 12:59:59		
210006	210000	15	1	1344	2	171			3	3		1900210006					0					2023-06-01 00:00:00	2100-12-31 23:59:59		
210007	210000	15	1	1345	2	192			3	3		1900210007					0					2023-06-01 00:00:00	2100-12-31 23:59:59		
210008	210000	15	1	1346	2	189			1	1		1900210008					0					2023-06-01 00:00:00	2100-12-31 23:59:59		
210009	210000	15	1	1347	2	185			1	1		1900210009					0					2023-06-01 00:00:00	2100-12-31 23:59:59		
210010	210000	15	1	1126	2	153			1	1		1900210010					0					2023-06-01 00:00:00	2100-12-31 23:59:59		
210011	210000	15	1	1126	2	153			1	1		1900210011					0					2023-06-01 00:00:00	2100-12-31 23:59:59		
210012	210000	15	1	1126	2	153			1	1		1900210012					0					2023-06-01 00:00:00	2100-12-31 23:59:59		
210013	210000	15	1	1126	2	153			1	1		1900210013					0					2023-06-01 00:00:00	2100-12-31 23:59:59		
210014	210000	15	1	1344	2	171			3	3		1900210014					0					2023-06-01 00:00:00	2100-12-31 23:59:59		
210015	210000	15	1	1345	2	192			3	3		1900210015					0					2023-06-01 00:00:00	2100-12-31 23:59:59		
210016	210000	15	1	1126	2	153			1	1		1900210016					0					2023-06-01 00:00:00	2100-12-31 23:59:59		
210017	210000	15	1	1126	2	153			1	1		1900210017					0					2023-06-01 00:00:00	2100-12-31 23:59:59		
210018	210000	15	1	1346	2	189			1	1		1900210018					0					2023-06-01 00:00:00	2100-12-31 23:59:59		
210019	210000	15	1	1126	2	153			1	1		1900210019					0					2023-06-01 00:00:00	2100-12-31 23:59:59		
210020	210000	15	1	1347	2	185			1	1		1900210020					0					2023-06-01 00:00:00	2100-12-31 23:59:59		
210021	210000	15	1	1126	2	153			1	1		1900210021					0					2023-06-01 00:00:00	2100-12-31 23:59:59		
210022	210000	15	1	1344	2	171			3	3		1900210022					0					2023-06-01 00:00:00	2100-12-31 23:59:59		
210023	210000	15	1	1126	2	153			1	1		1900210023					0					2023-06-01 00:00:00	2100-12-31 23:59:59		
210024	210000	15	1	1345	2	192			3	3		1900210024					0					2023-06-01 00:00:00	2100-12-31 23:59:59		
210025	210000	15	1	1126	2	153			1	1		1900210025					0					2023-06-01 00:00:00	2100-12-31 23:59:59		
210026	210000	15	1	1346	2	189			1	1		1900210026					0					2023-06-01 00:00:00	2100-12-31 23:59:59		
210027	210000	15	1	1126	2	153			1	1		1900210027					0					2023-06-01 00:00:00	2100-12-31 23:59:59		
210028	210000	15	1	1347	2	185			1	1		1900210028					0					2023-06-01 00:00:00	2100-12-31 23:59:59		
210029	210000	15	1	1126	2	153			1	1		1900210029					0					2023-06-01 00:00:00	2100-12-31 23:59:59		
220001	220000	16	1	1206	2	3	1001		5000	5000		400002					0					2020-05-01 00:00:00	2100-12-31 12:59:59		
220002	220000	16	1	1207	2	3	3002		5	5		400002					0					2020-05-01 00:00:00	2100-12-31 12:59:59		
220003	220000	16	1	1208	2	3	3003		5	5		400002					0					2020-05-01 00:00:00	2100-12-31 12:59:59		
220004	220000	16	1	1209	2	3	1002		5	15	5	400003					0					2020-05-01 00:00:00	2100-12-31 12:59:59		
220005	220000	16	1	1210	2	3	1003		5	15	5	400003					0					2020-05-01 00:00:00	2100-12-31 12:59:59		
505001	1	5	1	1	1	5			1	1		100					0					2022-09-01 00:00:00	2100-12-31 23:59:59		
590000	1	5	1	17	1	3	91011		1	1		100					0					2023-06-20 11:00:00	2023-06-28 23:59:59		
590001	1	5	1	17	1	3	91011		1	1		100					0					2023-06-29 00:00:00	2100-12-31 23:59:59		
590003	1	5	1	18	1	3	91012		1	1		100					0					2023-05-24 00:00:00	2100-12-31 23:59:59		
590004	1	5	1	19	1	3	91013		1	1		100					0					2023-05-24 00:00:00	2100-12-31 23:59:59		
590005	1	5	1	20	1	3	91014		1	1		100					0					2023-05-24 00:00:00	2100-12-31 23:59:59		
590006	1	5	1	21	1	3	91015		1	1		100					0					2023-05-24 00:00:00	2100-12-31 23:59:59		
590007	1	5	1	22	1	3	91016		1	1		100					0					2023-05-24 00:00:00	2100-12-31 23:59:59		
590008	1	5	1	23	1	3	91017		1	1		100					0					2023-05-24 00:00:00	2100-12-31 23:59:59		
590009	1	5	1	24	1	3	91018		1	1		100					0					2023-05-24 00:00:00	2100-12-31 23:59:59		
590010	1	5	1	25	1	3	91019		1	1		100					0					2023-05-24 00:00:00	2100-12-31 23:59:59		
590011	1	5	1	26	1	3	91020		1	1		100					0					2023-05-24 00:00:00	2100-12-31 23:59:59		
590012	1	5	1	27	1	3	91021		1	1		100					0					2023-05-24 00:00:00	2100-12-31 23:59:59		
590013	1	5	1	28	1	3	91022		1	1		100					0					2023-05-24 00:00:00	2100-12-31 23:59:59		
590014	1	5	1	29	1	3	91023		1	1		100					0					2023-05-24 00:00:00	2100-12-31 23:59:59		
590015	1	5	1	30		3	970201		1	1		100					0					2023-07-01 11:00:00	2023-07-10 21:59:59		
590016	1	5	1	31		3	970202		1	1		100					0					2023-07-01 11:00:00	2023-07-10 21:59:59		
590017	1	5	1	32		3	970203		1	1		100					0					2023-07-01 11:00:00	2023-07-10 21:59:59		
590018	1	5	1	33		3	970204		1	1		100					0					2023-07-01 11:00:00	2023-07-10 21:59:59		
590019	1	5	1	34		3	970205		1	1		100					0					2023-07-01 11:00:00	2023-07-10 21:59:59		
590020	1	5	1	35		3	970206		1	1		100					0					2023-07-01 11:00:00	2023-07-10 21:59:59		
590021	1	5	1	36		3	970207		1	1		100					0					2023-07-01 11:00:00	2023-07-10 21:59:59		
590022	1	5	1	37		3	970208		1	1		100					0					2023-07-01 11:00:00	2023-07-10 21:59:59		
590023	1	5	1	38		3	970209		1	1		100					0					2023-07-01 11:00:00	2023-07-10 21:59:59		
590024	1	5	1	39		3	970210		1	1		100					0					2023-07-01 11:00:00	2023-07-10 21:59:59		
590025	1	5	1	40		3	970211		1	1		100					0					2023-07-01 11:00:00	2023-07-10 21:59:59		
590026	1	5	1	30		3	970201		1	1		100					0					2023-07-10 22:00:00	2100-12-31 23:59:59		
590027	1	5	1	31		3	970202		1	1		100					0					2023-07-10 22:00:00	2100-12-31 23:59:59		
590028	1	5	1	32		3	970203		1	1		100					0					2023-07-10 22:00:00	2100-12-31 23:59:59		
590029	1	5	1	33		3	970204		1	1		100					0					2023-07-10 22:00:00	2100-12-31 23:59:59		
590030	1	5	1	34		3	970205		1	1		100					0					2023-07-10 22:00:00	2100-12-31 23:59:59		
590031	1	5	1	35		3	970206		1	1		100					0					2023-07-10 22:00:00	2100-12-31 23:59:59		
590032	1	5	1	36		3	970207		1	1		100					0					2023-07-10 22:00:00	2100-12-31 23:59:59		
590033	1	5	1	37		3	970208		1	1		100					0					2023-07-10 22:00:00	2100-12-31 23:59:59		
590034	1	5	1	38		3	970209		1	1		100					0					2023-07-10 22:00:00	2100-12-31 23:59:59		
590035	1	5	1	39		3	970210		1	1		100					0					2023-07-10 22:00:00	2100-12-31 23:59:59		
590036	1	5	1	40		3	970211		1	1		100					0					2023-07-10 22:00:00	2100-12-31 23:59:59		
5900101	59001	12	1	1005	2	153			10	10		1					0					2020-01-01 00:00:00	2100-12-31 12:59:59		
5900102	59001	12	1	1005	2	153			20	20		1					0					2020-01-01 00:00:00	2100-12-31 12:59:59		
5900103	59001	12	1	1005	2	153			30	30		1					0					2020-01-01 00:00:00	2100-12-31 12:59:59		
5900104	59001	12	1	1005	2	153			40	40		1					0					2020-01-01 00:00:00	2100-12-31 12:59:59		
5900105	59001	12	1	1005	2	153			50	50		1					0					2020-01-01 00:00:00	2100-12-31 12:59:59		
5900106	59001	12	1	1005	2	153			70	70		1					0					2020-01-01 00:00:00	2100-12-31 12:59:59		
5900107	59001	12	1	1005	2	153			90	90		1					0					2020-01-01 00:00:00	2100-12-31 12:59:59		
5900108	59001	12	1	1005	2	153			110	110		1					0					2020-01-01 00:00:00	2100-12-31 12:59:59		
5900109	59001	12	1	1005	2	153			130	130		1					0					2020-01-01 00:00:00	2100-12-31 12:59:59		
5900110	59001	12	1	1005	2	153			150	150		1					0					2020-01-01 00:00:00	2100-12-31 12:59:59		
5900201	59002	12	1	1005	2	153			10	10		1					0					2020-01-01 00:00:00	2100-12-31 12:59:59		
5900202	59002	12	1	1005	2	153			20	20		1					0					2020-01-01 00:00:00	2100-12-31 12:59:59		
5900203	59002	12	1	1005	2	153			30	30		1					0					2020-01-01 00:00:00	2100-12-31 12:59:59		
5900204	59002	12	1	1005	2	153			40	40		1					0					2020-01-01 00:00:00	2100-12-31 12:59:59		
5900205	59002	12	1	1005	2	153			50	50		1					0					2020-01-01 00:00:00	2100-12-31 12:59:59		
5900206	59002	12	1	1005	2	153			70	70		1					0					2020-01-01 00:00:00	2100-12-31 12:59:59		
5900207	59002	12	1	1005	2	153			90	90		1					0					2020-01-01 00:00:00	2100-12-31 12:59:59		
5900208	59002	12	1	1005	2	153			110	110		1					0					2020-01-01 00:00:00	2100-12-31 12:59:59		
5900209	59002	12	1	1005	2	153			130	130		1					0					2020-01-01 00:00:00	2100-12-31 12:59:59		
5900210	59002	12	1	1005	2	153			150	150		1					0					2020-01-01 00:00:00	2100-12-31 12:59:59		
5900301	59003	12	1	1005	2	153			10	10		1					0					2020-01-01 00:00:00	2100-12-31 12:59:59		
5900302	59003	12	1	1005	2	153			20	20		1					0					2020-01-01 00:00:00	2100-12-31 12:59:59		
5900303	59003	12	1	1005	2	153			30	30		1					0					2020-01-01 00:00:00	2100-12-31 12:59:59		
5900304	59003	12	1	1005	2	153			40	40		1					0					2020-01-01 00:00:00	2100-12-31 12:59:59		
5900305	59003	12	1	1005	2	153			50	50		1					0					2020-01-01 00:00:00	2100-12-31 12:59:59		
5900306	59003	12	1	1005	2	153			70	70		1					0					2020-01-01 00:00:00	2100-12-31 12:59:59		
5900307	59003	12	1	1005	2	153			90	90		1					0					2020-01-01 00:00:00	2100-12-31 12:59:59		
5900308	59003	12	1	1005	2	153			110	110		1					0					2020-01-01 00:00:00	2100-12-31 12:59:59		
5900309	59003	12	1	1005	2	153			130	130		1					0					2020-01-01 00:00:00	2100-12-31 12:59:59		
5900310	59003	12	1	1005	2	153			150	150		1					0					2020-01-01 00:00:00	2100-12-31 12:59:59		
5900401	59004	12	1	1005	2	153			10	10		1					0					2020-01-01 00:00:00	2100-12-31 12:59:59		
5900402	59004	12	1	1005	2	153			20	20		1					0					2020-01-01 00:00:00	2100-12-31 12:59:59		
5900403	59004	12	1	1005	2	153			30	30		1					0					2020-01-01 00:00:00	2100-12-31 12:59:59		
5900404	59004	12	1	1005	2	153			40	40		1					0					2020-01-01 00:00:00	2100-12-31 12:59:59		
5900405	59004	12	1	1005	2	153			50	50		1					0					2020-01-01 00:00:00	2100-12-31 12:59:59		
5900406	59004	12	1	1005	2	153			70	70		1					0					2020-01-01 00:00:00	2100-12-31 12:59:59		
5900407	59004	12	1	1005	2	153			90	90		1					0					2020-01-01 00:00:00	2100-12-31 12:59:59		
5900408	59004	12	1	1005	2	153			110	110		1					0					2020-01-01 00:00:00	2100-12-31 12:59:59		
5900409	59004	12	1	1005	2	153			130	130		1					0					2020-01-01 00:00:00	2100-12-31 12:59:59		
5900410	59004	12	1	1005	2	153			150	150		1					0					2020-01-01 00:00:00	2100-12-31 12:59:59		
5900501	59005	12	1	1005	2	153			10	10		1					0					2020-01-01 00:00:00	2100-12-31 12:59:59		
5900502	59005	12	1	1005	2	153			20	20		1					0					2020-01-01 00:00:00	2100-12-31 12:59:59		
5900503	59005	12	1	1005	2	153			30	30		1					0					2020-01-01 00:00:00	2100-12-31 12:59:59		
5900504	59005	12	1	1005	2	153			40	40		1					0					2020-01-01 00:00:00	2100-12-31 12:59:59		
5900505	59005	12	1	1005	2	153			50	50		1					0					2020-01-01 00:00:00	2100-12-31 12:59:59		
5900506	59005	12	1	1005	2	153			70	70		1					0					2020-01-01 00:00:00	2100-12-31 12:59:59		
5900507	59005	12	1	1005	2	153			90	90		1					0					2020-01-01 00:00:00	2100-12-31 12:59:59		
5900508	59005	12	1	1005	2	153			110	110		1					0					2020-01-01 00:00:00	2100-12-31 12:59:59		
5900509	59005	12	1	1005	2	153			130	130		1					0					2020-01-01 00:00:00	2100-12-31 12:59:59		
5900510	59005	12	1	1005	2	153			150	150		1					0					2020-01-01 00:00:00	2100-12-31 12:59:59		
5900601	59006	12	1	1005	2	153			10	10		1					0					2020-01-01 00:00:00	2100-12-31 12:59:59		
5900602	59006	12	1	1005	2	153			20	20		1					0					2020-01-01 00:00:00	2100-12-31 12:59:59		
5900603	59006	12	1	1005	2	153			30	30		1					0					2020-01-01 00:00:00	2100-12-31 12:59:59		
5900604	59006	12	1	1005	2	153			40	40		1					0					2020-01-01 00:00:00	2100-12-31 12:59:59		
5900605	59006	12	1	1005	2	153			50	50		1					0					2020-01-01 00:00:00	2100-12-31 12:59:59		
5900606	59006	12	1	1005	2	153			70	70		1					0					2020-01-01 00:00:00	2100-12-31 12:59:59		
5900607	59006	12	1	1005	2	153			90	90		1					0					2020-01-01 00:00:00	2100-12-31 12:59:59		
5900608	59006	12	1	1005	2	153			110	110		1					0					2020-01-01 00:00:00	2100-12-31 12:59:59		
5900609	59006	12	1	1005	2	153			130	130		1					0					2020-01-01 00:00:00	2100-12-31 12:59:59		
5900610	59006	12	1	1005	2	153			150	150		1					0					2020-01-01 00:00:00	2100-12-31 12:59:59		
5900701	59007	12	1	1005	2	153			10	10		1					0					2020-01-01 00:00:00	2100-12-31 12:59:59		
5900702	59007	12	1	1005	2	153			20	20		1					0					2020-01-01 00:00:00	2100-12-31 12:59:59		
5900703	59007	12	1	1005	2	153			30	30		1					0					2020-01-01 00:00:00	2100-12-31 12:59:59		
5900704	59007	12	1	1005	2	153			40	40		1					0					2020-01-01 00:00:00	2100-12-31 12:59:59		
5900705	59007	12	1	1005	2	153			50	50		1					0					2020-01-01 00:00:00	2100-12-31 12:59:59		
5900706	59007	12	1	1005	2	153			70	70		1					0					2020-01-01 00:00:00	2100-12-31 12:59:59		
5900707	59007	12	1	1005	2	153			90	90		1					0					2020-01-01 00:00:00	2100-12-31 12:59:59		
5900708	59007	12	1	1005	2	153			110	110		1					0					2020-01-01 00:00:00	2100-12-31 12:59:59		
5900709	59007	12	1	1005	2	153			130	130		1					0					2020-01-01 00:00:00	2100-12-31 12:59:59		
5900710	59007	12	1	1005	2	153			150	150		1					0					2020-01-01 00:00:00	2100-12-31 12:59:59		
5900801	59008	12	1	1005	2	153			10	10		1					0					2020-01-01 00:00:00	2100-12-31 12:59:59		
5900802	59008	12	1	1005	2	153			20	20		1					0					2020-01-01 00:00:00	2100-12-31 12:59:59		
5900803	59008	12	1	1005	2	153			30	30		1					0					2020-01-01 00:00:00	2100-12-31 12:59:59		
5900804	59008	12	1	1005	2	153			40	40		1					0					2020-01-01 00:00:00	2100-12-31 12:59:59		
5900805	59008	12	1	1005	2	153			50	50		1					0					2020-01-01 00:00:00	2100-12-31 12:59:59		
5900806	59008	12	1	1005	2	153			70	70		1					0					2020-01-01 00:00:00	2100-12-31 12:59:59		
5900807	59008	12	1	1005	2	153			90	90		1					0					2020-01-01 00:00:00	2100-12-31 12:59:59		
5900808	59008	12	1	1005	2	153			110	110		1					0					2020-01-01 00:00:00	2100-12-31 12:59:59		
5900809	59008	12	1	1005	2	153			130	130		1					0					2020-01-01 00:00:00	2100-12-31 12:59:59		
5900810	59008	12	1	1005	2	153			150	150		1					0					2020-01-01 00:00:00	2100-12-31 12:59:59		
5900901	59009	12	1	1005	2	153			10	10		1					0					2020-01-01 00:00:00	2100-12-31 12:59:59		
5900902	59009	12	1	1005	2	153			20	20		1					0					2020-01-01 00:00:00	2100-12-31 12:59:59		
5900903	59009	12	1	1005	2	153			30	30		1					0					2020-01-01 00:00:00	2100-12-31 12:59:59		
5900904	59009	12	1	1005	2	153			40	40		1					0					2020-01-01 00:00:00	2100-12-31 12:59:59		
5900905	59009	12	1	1005	2	153			50	50		1					0					2020-01-01 00:00:00	2100-12-31 12:59:59		
5900906	59009	12	1	1005	2	153			70	70		1					0					2020-01-01 00:00:00	2100-12-31 12:59:59		
5900907	59009	12	1	1005	2	153			90	90		1					0					2020-01-01 00:00:00	2100-12-31 12:59:59		
5900908	59009	12	1	1005	2	153			110	110		1					0					2020-01-01 00:00:00	2100-12-31 12:59:59		
5900909	59009	12	1	1005	2	153			130	130		1					0					2020-01-01 00:00:00	2100-12-31 12:59:59		
5900910	59009	12	1	1005	2	153			150	150		1					0					2020-01-01 00:00:00	2100-12-31 12:59:59		
5901001	59010	12	1	1005	2	153			10	10		1					0					2020-01-01 00:00:00	2100-12-31 12:59:59		
5901002	59010	12	1	1005	2	153			20	20		1					0					2020-01-01 00:00:00	2100-12-31 12:59:59		
5901003	59010	12	1	1005	2	153			30	30		1					0					2020-01-01 00:00:00	2100-12-31 12:59:59		
5901004	59010	12	1	1005	2	153			40	40		1					0					2020-01-01 00:00:00	2100-12-31 12:59:59		
5901005	59010	12	1	1005	2	153			50	50		1					0					2020-01-01 00:00:00	2100-12-31 12:59:59		
5901006	59010	12	1	1005	2	153			70	70		1					0					2020-01-01 00:00:00	2100-12-31 12:59:59		
5901007	59010	12	1	1005	2	153			90	90		1					0					2020-01-01 00:00:00	2100-12-31 12:59:59		
5901008	59010	12	1	1005	2	153			110	110		1					0					2020-01-01 00:00:00	2100-12-31 12:59:59		
5901009	59010	12	1	1005	2	153			130	130		1					0					2020-01-01 00:00:00	2100-12-31 12:59:59		
5901010	59010	12	1	1005	2	153			150	150		1					0					2020-01-01 00:00:00	2100-12-31 12:59:59		
50010001	1	5	1	2	1	148			10	10		100					0					2022-09-01 00:00:00	2100-12-31 23:59:59		
50010002	1	5	1	2	1	148			30	30		100					0					2022-09-01 00:00:00	2100-12-31 23:59:59		
50010003	1	5	1	2	1	148			50	50		100					0					2022-09-01 00:00:00	2100-12-31 23:59:59		
50010004	1	5	1	2	1	148			100	100		100					0					2022-09-01 00:00:00	2100-12-31 23:59:59		
50010005	1	5	1	3	1	149			1	1		100					0					2022-09-01 00:00:00	2100-12-31 23:59:59		
50010006	1	5	1	3	1	149			10	10		100					0					2022-09-01 00:00:00	2100-12-31 23:59:59		
50010007	1	5	1	3	1	149			25	25		100					0					2022-09-01 00:00:00	2100-12-31 23:59:59		
50010008	1	5	1	3	1	149			50	50		100					0					2022-09-01 00:00:00	2100-12-31 23:59:59		
50010009	1	5	1	4	1	150			1	1		100					0					2022-09-01 00:00:00	2100-12-31 23:59:59		
50010010	1	5	1	4	1	150			3	3		100					0					2022-09-01 00:00:00	2100-12-31 23:59:59		
50010011	1	5	1	4	1	150			5	5		100					0					2022-09-01 00:00:00	2100-12-31 23:59:59		
50010012	1	5	1	4	1	150			10	10		100					0					2022-09-01 00:00:00	2100-12-31 23:59:59		
50010013	1	5	1	5	1	151			1	1		100					0					2022-09-01 00:00:00	2100-12-31 23:59:59		
50010014	1	5	1	5	1	151			10	10		100					0					2022-09-01 00:00:00	2100-12-31 23:59:59		
50010015	1	5	1	5	1	151			25	25		100					0					2022-09-01 00:00:00	2100-12-31 23:59:59		
50010016	1	5	1	5	1	151			50	50		100					0					2022-09-01 00:00:00	2100-12-31 23:59:59		
50011001	1	5	1	6	1	147	1		1	1		100					0					2022-09-01 00:00:00	2100-12-31 23:59:59		
50011002	1	5	1	6	1	147	1		5	5		100					0					2022-09-01 00:00:00	2100-12-31 23:59:59		
50011003	1	5	1	6	1	147	1		25	25		100					0					2022-09-01 00:00:00	2100-12-31 23:59:59		
50011004	1	5	1	6	1	147	1		50	50		100					0					2022-09-01 00:00:00	2100-12-31 23:59:59		
50011005	1	5	1	7	1	158	1		5	5		100					0					2022-09-01 00:00:00	2100-12-31 23:59:59		
50011006	1	5	1	7	1	158	1		10	10		100					0					2022-09-01 00:00:00	2100-12-31 23:59:59		
50011007	1	5	1	7	1	158	1		20	20		100					0					2022-09-01 00:00:00	2100-12-31 23:59:59		
50011008	1	5	1	7	1	158	1		30	30		100					0					2022-09-01 00:00:00	2100-12-31 23:59:59		
50011009	1	5	1	8	1	89	1	1	1	1		100					0					2022-09-01 00:00:00	2100-12-31 23:59:59		
50011010	1	5	1	8	1	89	1	1	5	5		100					0					2022-09-01 00:00:00	2100-12-31 23:59:59		
50011011	1	5	1	8	1	89	1	1	20	20		100					0					2022-09-01 00:00:00	2100-12-31 23:59:59		
50011012	1	5	1	8	1	89	1	1	50	50		100					0					2022-09-01 00:00:00	2100-12-31 23:59:59		
50011013	1	5	1	9	1	17	1		1	1		100					0					2022-09-01 00:00:00	2100-12-31 23:59:59		
50011014	1	5	1	9	1	17	1		10	10		100					0					2022-09-01 00:00:00	2100-12-31 23:59:59		
50011015	1	5	1	9	1	17	1		25	25		100					0					2022-09-01 00:00:00	2100-12-31 23:59:59		
50011016	1	5	1	9	1	17	1		50	50		100					0					2022-09-01 00:00:00	2100-12-31 23:59:59		
50011017	1	5	1	10	1	92	1		1	1		100					0					2022-09-01 00:00:00	2100-12-31 23:59:59		
50011018	1	5	1	10	1	92	1		10	10		100					0					2022-09-01 00:00:00	2100-12-31 23:59:59		
50011019	1	5	1	10	1	92	1		25	25		100					0					2022-09-01 00:00:00	2100-12-31 23:59:59		
50011020	1	5	1	10	1	92	1		50	50		100					0					2022-09-01 00:00:00	2100-12-31 23:59:59		
50011021	1	5	1	11	1	93	1		1	1		100					0					2022-09-01 00:00:00	2100-12-31 23:59:59		
50011022	1	5	1	11	1	93	1		10	10		100					0					2022-09-01 00:00:00	2100-12-31 23:59:59		
50011023	1	5	1	11	1	93	1		25	25		100					0					2022-09-01 00:00:00	2100-12-31 23:59:59		
50011024	1	5	1	11	1	93	1		50	50		100					0					2022-09-01 00:00:00	2100-12-31 23:59:59		
50011025	1	5	1	12	1	148	1		1	1		100					0					2100-12-30 23:59:59	2100-12-31 23:59:59		
50011026	1	5	1	12	1	148	1		3	3		100					0					2100-12-30 23:59:59	2100-12-31 23:59:59		
50011027	1	5	1	12	1	148	1		5	5		100					0					2100-12-30 23:59:59	2100-12-31 23:59:59		
50011028	1	5	1	12	1	148	1		10	10		100					0					2100-12-30 23:59:59	2100-12-31 23:59:59		
50011029	1	5	1	13	1	149	1		1	1		100					0					2100-12-30 23:59:59	2100-12-31 23:59:59		
50011030	1	5	1	13	1	149	1		10	10		100					0					2100-12-30 23:59:59	2100-12-31 23:59:59		
50011031	1	5	1	13	1	149	1		25	25		100					0					2100-12-30 23:59:59	2100-12-31 23:59:59		
50011032	1	5	1	13	1	149	1		50	50		100					0					2100-12-30 23:59:59	2100-12-31 23:59:59		
50011033	1	5	1	14	1	150	1		1	1		100					0					2100-12-30 23:59:59	2100-12-31 23:59:59		
50011034	1	5	1	14	1	150	1		3	3		100					0					2100-12-30 23:59:59	2100-12-31 23:59:59		
50011035	1	5	1	14	1	150	1		5	5		100					0					2100-12-30 23:59:59	2100-12-31 23:59:59		
50011036	1	5	1	14	1	150	1		10	10		100					0					2100-12-30 23:59:59	2100-12-31 23:59:59		
50011037	1	5	1	15	1	151	1		1	1		100					0					2100-12-30 23:59:59	2100-12-31 23:59:59		
50011038	1	5	1	15	1	151	1		10	10		100					0					2100-12-30 23:59:59	2100-12-31 23:59:59		
50011039	1	5	1	15	1	151	1		25	25		100					0					2100-12-30 23:59:59	2100-12-31 23:59:59		
50011040	1	5	1	15	1	151	1		50	50		100					0					2100-12-30 23:59:59	2100-12-31 23:59:59		
50012001	1	5	1	16	1	147	2		1	1		100					0					2022-09-01 00:00:00	2100-12-31 23:59:59		
50012002	1	5	1	16	1	147	2		5	5		100					0					2022-09-01 00:00:00	2100-12-31 23:59:59		
50012003	1	5	1	16	1	147	2		25	25		100					0					2022-09-01 00:00:00	2100-12-31 23:59:59		
50012004	1	5	1	16	1	147	2		50	50		100					0					2022-09-01 00:00:00	2100-12-31 23:59:59		
50012005	1	5	1	7	1	158	2		5	5		100					0					2022-09-01 00:00:00	2100-12-31 23:59:59		
50012006	1	5	1	7	1	158	2		10	10		100					0					2022-09-01 00:00:00	2100-12-31 23:59:59		
50012007	1	5	1	7	1	158	2		20	20		100					0					2022-09-01 00:00:00	2100-12-31 23:59:59		
50012008	1	5	1	7	1	158	2		30	30		100					0					2022-09-01 00:00:00	2100-12-31 23:59:59		
50012009	1	5	1	8	1	89	2	1	1	1		100					0					2022-09-01 00:00:00	2100-12-31 23:59:59		
50012010	1	5	1	8	1	89	2	1	5	5		100					0					2022-09-01 00:00:00	2100-12-31 23:59:59		
50012011	1	5	1	8	1	89	2	1	20	20		100					0					2022-09-01 00:00:00	2100-12-31 23:59:59		
50012012	1	5	1	8	1	89	2	1	50	50		100					0					2022-09-01 00:00:00	2100-12-31 23:59:59		
50012013	1	5	1	9	1	17	2		1	1		100					0					2022-09-01 00:00:00	2100-12-31 23:59:59		
50012014	1	5	1	9	1	17	2		10	10		100					0					2022-09-01 00:00:00	2100-12-31 23:59:59		
50012015	1	5	1	9	1	17	2		25	25		100					0					2022-09-01 00:00:00	2100-12-31 23:59:59		
50012016	1	5	1	9	1	17	2		50	50		100					0					2022-09-01 00:00:00	2100-12-31 23:59:59		
50012017	1	5	1	10	1	92	2		1	1		100					0					2022-09-01 00:00:00	2100-12-31 23:59:59		
50012018	1	5	1	10	1	92	2		10	10		100					0					2022-09-01 00:00:00	2100-12-31 23:59:59		
50012019	1	5	1	10	1	92	2		25	25		100					0					2022-09-01 00:00:00	2100-12-31 23:59:59		
50012020	1	5	1	10	1	92	2		50	50		100					0					2022-09-01 00:00:00	2100-12-31 23:59:59		
50012021	1	5	1	11	1	93	2		1	1		100					0					2022-09-01 00:00:00	2100-12-31 23:59:59		
50012022	1	5	1	11	1	93	2		10	10		100					0					2022-09-01 00:00:00	2100-12-31 23:59:59		
50012023	1	5	1	11	1	93	2		25	25		100					0					2022-09-01 00:00:00	2100-12-31 23:59:59		
50012024	1	5	1	11	1	93	2		50	50		100					0					2022-09-01 00:00:00	2100-12-31 23:59:59		
50012025	1	5	1	12	1	148	2		1	1		100					0					2100-12-30 23:59:59	2100-12-31 23:59:59		
50012026	1	5	1	12	1	148	2		3	3		100					0					2100-12-30 23:59:59	2100-12-31 23:59:59		
50012027	1	5	1	12	1	148	2		5	5		100					0					2100-12-30 23:59:59	2100-12-31 23:59:59		
50012028	1	5	1	12	1	148	2		10	10		100					0					2100-12-30 23:59:59	2100-12-31 23:59:59		
50012029	1	5	1	13	1	149	2		1	1		100					0					2100-12-30 23:59:59	2100-12-31 23:59:59		
50012030	1	5	1	13	1	149	2		10	10		100					0					2100-12-30 23:59:59	2100-12-31 23:59:59		
50012031	1	5	1	13	1	149	2		25	25		100					0					2100-12-30 23:59:59	2100-12-31 23:59:59		
50012032	1	5	1	13	1	149	2		50	50		100					0					2100-12-30 23:59:59	2100-12-31 23:59:59		
50012033	1	5	1	14	1	150	2		1	1		100					0					2100-12-30 23:59:59	2100-12-31 23:59:59		
50012034	1	5	1	14	1	150	2		3	3		100					0					2100-12-30 23:59:59	2100-12-31 23:59:59		
50012035	1	5	1	14	1	150	2		5	5		100					0					2100-12-30 23:59:59	2100-12-31 23:59:59		
50012036	1	5	1	14	1	150	2		10	10		100					0					2100-12-30 23:59:59	2100-12-31 23:59:59		
50012037	1	5	1	15	1	151	2		1	1		100					0					2100-12-30 23:59:59	2100-12-31 23:59:59		
50012038	1	5	1	15	1	151	2		10	10		100					0					2100-12-30 23:59:59	2100-12-31 23:59:59		
50012039	1	5	1	15	1	151	2		25	25		100					0					2100-12-30 23:59:59	2100-12-31 23:59:59		
50012040	1	5	1	15	1	151	2		50	50		100					0					2100-12-30 23:59:59	2100-12-31 23:59:59		
50013001	1	5	1	16	1	147	3		1	1		100					0					2022-09-01 00:00:00	2100-12-31 23:59:59		
50013002	1	5	1	16	1	147	3		5	5		100					0					2022-09-01 00:00:00	2100-12-31 23:59:59		
50013003	1	5	1	16	1	147	3		25	25		100					0					2022-09-01 00:00:00	2100-12-31 23:59:59		
50013004	1	5	1	16	1	147	3		50	50		100					0					2022-09-01 00:00:00	2100-12-31 23:59:59		
50013005	1	5	1	7	1	158	3		5	5		100					0					2022-09-01 00:00:00	2100-12-31 23:59:59		
50013006	1	5	1	7	1	158	3		10	10		100					0					2022-09-01 00:00:00	2100-12-31 23:59:59		
50013007	1	5	1	7	1	158	3		20	20		100					0					2022-09-01 00:00:00	2100-12-31 23:59:59		
50013008	1	5	1	7	1	158	3		30	30		100					0					2022-09-01 00:00:00	2100-12-31 23:59:59		
50013009	1	5	1	8	1	89	3	1	1	1		100					0					2022-09-01 00:00:00	2100-12-31 23:59:59		
50013010	1	5	1	8	1	89	3	1	5	5		100					0					2022-09-01 00:00:00	2100-12-31 23:59:59		
50013011	1	5	1	8	1	89	3	1	20	20		100					0					2022-09-01 00:00:00	2100-12-31 23:59:59		
50013012	1	5	1	8	1	89	3	1	50	50		100					0					2022-09-01 00:00:00	2100-12-31 23:59:59		
50013013	1	5	1	9	1	17	3		1	1		100					0					2022-09-01 00:00:00	2100-12-31 23:59:59		
50013014	1	5	1	9	1	17	3		10	10		100					0					2022-09-01 00:00:00	2100-12-31 23:59:59		
50013015	1	5	1	9	1	17	3		25	25		100					0					2022-09-01 00:00:00	2100-12-31 23:59:59		
50013016	1	5	1	9	1	17	3		50	50		100					0					2022-09-01 00:00:00	2100-12-31 23:59:59		
50013017	1	5	1	10	1	92	3		1	1		100					0					2022-09-01 00:00:00	2100-12-31 23:59:59		
50013018	1	5	1	10	1	92	3		10	10		100					0					2022-09-01 00:00:00	2100-12-31 23:59:59		
50013019	1	5	1	10	1	92	3		25	25		100					0					2022-09-01 00:00:00	2100-12-31 23:59:59		
50013020	1	5	1	10	1	92	3		50	50		100					0					2022-09-01 00:00:00	2100-12-31 23:59:59		
50013021	1	5	1	11	1	93	3		1	1		100					0					2022-09-01 00:00:00	2100-12-31 23:59:59		
50013022	1	5	1	11	1	93	3		10	10		100					0					2022-09-01 00:00:00	2100-12-31 23:59:59		
50013023	1	5	1	11	1	93	3		25	25		100					0					2022-09-01 00:00:00	2100-12-31 23:59:59		
50013024	1	5	1	11	1	93	3		50	50		100					0					2022-09-01 00:00:00	2100-12-31 23:59:59		
50013025	1	5	1	12	1	148	3		1	1		100					0					2100-12-30 23:59:59	2100-12-31 23:59:59		
50013026	1	5	1	12	1	148	3		3	3		100					0					2100-12-30 23:59:59	2100-12-31 23:59:59		
50013027	1	5	1	12	1	148	3		5	5		100					0					2100-12-30 23:59:59	2100-12-31 23:59:59		
50013028	1	5	1	12	1	148	3		10	10		100					0					2100-12-30 23:59:59	2100-12-31 23:59:59		
50013029	1	5	1	13	1	149	3		1	1		100					0					2100-12-30 23:59:59	2100-12-31 23:59:59		
50013030	1	5	1	13	1	149	3		10	10		100					0					2100-12-30 23:59:59	2100-12-31 23:59:59		
50013031	1	5	1	13	1	149	3		25	25		100					0					2100-12-30 23:59:59	2100-12-31 23:59:59		
50013032	1	5	1	13	1	149	3		50	50		100					0					2100-12-30 23:59:59	2100-12-31 23:59:59		
50013033	1	5	1	14	1	150	3		1	1		100					0					2100-12-30 23:59:59	2100-12-31 23:59:59		
50013034	1	5	1	14	1	150	3		3	3		100					0					2100-12-30 23:59:59	2100-12-31 23:59:59		
50013035	1	5	1	14	1	150	3		5	5		100					0					2100-12-30 23:59:59	2100-12-31 23:59:59		
50013036	1	5	1	14	1	150	3		10	10		100					0					2100-12-30 23:59:59	2100-12-31 23:59:59		
50013037	1	5	1	15	1	151	3		1	1		100					0					2100-12-30 23:59:59	2100-12-31 23:59:59		
50013038	1	5	1	15	1	151	3		10	10		100					0					2100-12-30 23:59:59	2100-12-31 23:59:59		
50013039	1	5	1	15	1	151	3		25	25		100					0					2100-12-30 23:59:59	2100-12-31 23:59:59		
50013040	1	5	1	15	1	151	3		50	50		100					0					2100-12-30 23:59:59	2100-12-31 23:59:59		
50014001	1	5	1	16	1	147	4		1	1		100					0					2022-09-01 00:00:00	2100-12-31 23:59:59		
50014002	1	5	1	16	1	147	4		5	5		100					0					2022-09-01 00:00:00	2100-12-31 23:59:59		
50014003	1	5	1	16	1	147	4		25	25		100					0					2022-09-01 00:00:00	2100-12-31 23:59:59		
50014004	1	5	1	16	1	147	4		50	50		100					0					2022-09-01 00:00:00	2100-12-31 23:59:59		
50014005	1	5	1	7	1	158	4		5	5		100					0					2022-09-01 00:00:00	2100-12-31 23:59:59		
50014006	1	5	1	7	1	158	4		10	10		100					0					2022-09-01 00:00:00	2100-12-31 23:59:59		
50014007	1	5	1	7	1	158	4		20	20		100					0					2022-09-01 00:00:00	2100-12-31 23:59:59		
50014008	1	5	1	7	1	158	4		30	30		100					0					2022-09-01 00:00:00	2100-12-31 23:59:59		
50014009	1	5	1	8	1	89	4	1	1	1		100					0					2022-09-01 00:00:00	2100-12-31 23:59:59		
50014010	1	5	1	8	1	89	4	1	5	5		100					0					2022-09-01 00:00:00	2100-12-31 23:59:59		
50014011	1	5	1	8	1	89	4	1	20	20		100					0					2022-09-01 00:00:00	2100-12-31 23:59:59		
50014012	1	5	1	8	1	89	4	1	50	50		100					0					2022-09-01 00:00:00	2100-12-31 23:59:59		
50014013	1	5	1	9	1	17	4		1	1		100					0					2022-09-01 00:00:00	2100-12-31 23:59:59		
50014014	1	5	1	9	1	17	4		10	10		100					0					2022-09-01 00:00:00	2100-12-31 23:59:59		
50014015	1	5	1	9	1	17	4		25	25		100					0					2022-09-01 00:00:00	2100-12-31 23:59:59		
50014016	1	5	1	9	1	17	4		50	50		100					0					2022-09-01 00:00:00	2100-12-31 23:59:59		
50014017	1	5	1	10	1	92	4		1	1		100					0					2022-09-01 00:00:00	2100-12-31 23:59:59		
50014018	1	5	1	10	1	92	4		10	10		100					0					2022-09-01 00:00:00	2100-12-31 23:59:59		
50014019	1	5	1	10	1	92	4		25	25		100					0					2022-09-01 00:00:00	2100-12-31 23:59:59		
50014020	1	5	1	10	1	92	4		50	50		100					0					2022-09-01 00:00:00	2100-12-31 23:59:59		
50014021	1	5	1	11	1	93	4		1	1		100					0					2022-09-01 00:00:00	2100-12-31 23:59:59		
50014022	1	5	1	11	1	93	4		10	10		100					0					2022-09-01 00:00:00	2100-12-31 23:59:59		
50014023	1	5	1	11	1	93	4		25	25		100					0					2022-09-01 00:00:00	2100-12-31 23:59:59		
50014024	1	5	1	11	1	93	4		50	50		100					0					2022-09-01 00:00:00	2100-12-31 23:59:59		
50014025	1	5	1	12	1	148	4		1	1		100					0					2100-12-30 23:59:59	2100-12-31 23:59:59		
50014026	1	5	1	12	1	148	4		3	3		100					0					2100-12-30 23:59:59	2100-12-31 23:59:59		
50014027	1	5	1	12	1	148	4		5	5		100					0					2100-12-30 23:59:59	2100-12-31 23:59:59		
50014028	1	5	1	12	1	148	4		10	10		100					0					2100-12-30 23:59:59	2100-12-31 23:59:59		
50014029	1	5	1	13	1	149	4		1	1		100					0					2100-12-30 23:59:59	2100-12-31 23:59:59		
50014030	1	5	1	13	1	149	4		10	10		100					0					2100-12-30 23:59:59	2100-12-31 23:59:59		
50014031	1	5	1	13	1	149	4		25	25		100					0					2100-12-30 23:59:59	2100-12-31 23:59:59		
50014032	1	5	1	13	1	149	4		50	50		100					0					2100-12-30 23:59:59	2100-12-31 23:59:59		
50014033	1	5	1	14	1	150	4		1	1		100					0					2100-12-30 23:59:59	2100-12-31 23:59:59		
50014034	1	5	1	14	1	150	4		3	3		100					0					2100-12-30 23:59:59	2100-12-31 23:59:59		
50014035	1	5	1	14	1	150	4		5	5		100					0					2100-12-30 23:59:59	2100-12-31 23:59:59		
50014036	1	5	1	14	1	150	4		10	10		100					0					2100-12-30 23:59:59	2100-12-31 23:59:59		
50014037	1	5	1	15	1	151	4		1	1		100					0					2100-12-30 23:59:59	2100-12-31 23:59:59		
50014038	1	5	1	15	1	151	4		10	10		100					0					2100-12-30 23:59:59	2100-12-31 23:59:59		
50014039	1	5	1	15	1	151	4		25	25		100					0					2100-12-30 23:59:59	2100-12-31 23:59:59		
50014040	1	5	1	15	1	151	4		50	50		100					0					2100-12-30 23:59:59	2100-12-31 23:59:59		
50015001	1	5	1	16	1	147	5		1	1		100					0					2022-09-01 00:00:00	2100-12-31 23:59:59		
50015002	1	5	1	16	1	147	5		5	5		100					0					2022-09-01 00:00:00	2100-12-31 23:59:59		
50015003	1	5	1	16	1	147	5		25	25		100					0					2022-09-01 00:00:00	2100-12-31 23:59:59		
50015004	1	5	1	16	1	147	5		50	50		100					0					2022-09-01 00:00:00	2100-12-31 23:59:59		
50015005	1	5	1	7	1	158	5		5	5		100					0					2022-09-01 00:00:00	2100-12-31 23:59:59		
50015006	1	5	1	7	1	158	5		10	10		100					0					2022-09-01 00:00:00	2100-12-31 23:59:59		
50015007	1	5	1	7	1	158	5		20	20		100					0					2022-09-01 00:00:00	2100-12-31 23:59:59		
50015008	1	5	1	7	1	158	5		30	30		100					0					2022-09-01 00:00:00	2100-12-31 23:59:59		
50015009	1	5	1	8	1	89	5	1	1	1		100					0					2022-09-01 00:00:00	2100-12-31 23:59:59		
50015010	1	5	1	8	1	89	5	1	5	5		100					0					2022-09-01 00:00:00	2100-12-31 23:59:59		
50015011	1	5	1	8	1	89	5	1	20	20		100					0					2022-09-01 00:00:00	2100-12-31 23:59:59		
50015012	1	5	1	8	1	89	5	1	50	50		100					0					2022-09-01 00:00:00	2100-12-31 23:59:59		
50015013	1	5	1	9	1	17	5		1	1		100					0					2022-09-01 00:00:00	2100-12-31 23:59:59		
50015014	1	5	1	9	1	17	5		10	10		100					0					2022-09-01 00:00:00	2100-12-31 23:59:59		
50015015	1	5	1	9	1	17	5		25	25		100					0					2022-09-01 00:00:00	2100-12-31 23:59:59		
50015016	1	5	1	9	1	17	5		50	50		100					0					2022-09-01 00:00:00	2100-12-31 23:59:59		
50015017	1	5	1	10	1	92	5		1	1		100					0					2022-09-01 00:00:00	2100-12-31 23:59:59		
50015018	1	5	1	10	1	92	5		10	10		100					0					2022-09-01 00:00:00	2100-12-31 23:59:59		
50015019	1	5	1	10	1	92	5		25	25		100					0					2022-09-01 00:00:00	2100-12-31 23:59:59		
50015020	1	5	1	10	1	92	5		50	50		100					0					2022-09-01 00:00:00	2100-12-31 23:59:59		
50015021	1	5	1	11	1	93	5		1	1		100					0					2022-09-01 00:00:00	2100-12-31 23:59:59		
50015022	1	5	1	11	1	93	5		10	10		100					0					2022-09-01 00:00:00	2100-12-31 23:59:59		
50015023	1	5	1	11	1	93	5		25	25		100					0					2022-09-01 00:00:00	2100-12-31 23:59:59		
50015024	1	5	1	11	1	93	5		50	50		100					0					2022-09-01 00:00:00	2100-12-31 23:59:59		
50015025	1	5	1	12	1	148	5		1	1		100					0					2100-12-30 23:59:59	2100-12-31 23:59:59		
50015026	1	5	1	12	1	148	5		3	3		100					0					2100-12-30 23:59:59	2100-12-31 23:59:59		
50015027	1	5	1	12	1	148	5		5	5		100					0					2100-12-30 23:59:59	2100-12-31 23:59:59		
50015028	1	5	1	12	1	148	5		10	10		100					0					2100-12-30 23:59:59	2100-12-31 23:59:59		
50015029	1	5	1	13	1	149	5		1	1		100					0					2100-12-30 23:59:59	2100-12-31 23:59:59		
50015030	1	5	1	13	1	149	5		10	10		100					0					2100-12-30 23:59:59	2100-12-31 23:59:59		
50015031	1	5	1	13	1	149	5		25	25		100					0					2100-12-30 23:59:59	2100-12-31 23:59:59		
50015032	1	5	1	13	1	149	5		50	50		100					0					2100-12-30 23:59:59	2100-12-31 23:59:59		
50015033	1	5	1	14	1	150	5		1	1		100					0					2100-12-30 23:59:59	2100-12-31 23:59:59		
50015034	1	5	1	14	1	150	5		3	3		100					0					2100-12-30 23:59:59	2100-12-31 23:59:59		
50015035	1	5	1	14	1	150	5		5	5		100					0					2100-12-30 23:59:59	2100-12-31 23:59:59		
50015036	1	5	1	14	1	150	5		10	10		100					0					2100-12-30 23:59:59	2100-12-31 23:59:59		
50015037	1	5	1	15	1	151	5		1	1		100					0					2100-12-30 23:59:59	2100-12-31 23:59:59		
50015038	1	5	1	15	1	151	5		10	10		100					0					2100-12-30 23:59:59	2100-12-31 23:59:59		
50015039	1	5	1	15	1	151	5		25	25		100					0					2100-12-30 23:59:59	2100-12-31 23:59:59		
50015040	1	5	1	15	1	151	5		50	50		100					0					2100-12-30 23:59:59	2100-12-31 23:59:59		
