id	type	name_text_id	attachment_id	target_id	another_target_id	resource	material1	material1_qty	material2	material2_qty	material3	material3_qty	material4	material4_qty	material5	material5_qty	material6	material6_qty	material_gear_id	max_attachment_reward_id	icon_resource_id
85010010	1	85010010	2	85010010		200	101002	9	101001	7	106006	4								1785010010	13010010
85010020	1	85010020	1	85010020		50	101001	6	106003	4										1785010020	13010020
85010030	1	85010030	1	85010030		50	101001	6	106003	4										1785010030	13010030
85010040	1	85010040	1	85010040		50	101001	6	106003	4										1785010040	13010040
85010050	1	85010050	1	85010050		50	101001	6	106003	4										1785010050	13010050
85010060	1	85010060	1	85010060		50	101001	6	106003	4	111003									1785010060	13010060
85010070	1	85010070	2	85010070		200	101003	9	101001	7	106006	4								1785010070	13010070
85010080	1	85010080	3	85010080		500	101002	18	101001	14	106007	8	106004	5	111003	3	106010	2		1785010080	13010080
85010090	1	85010090	2	85010090		200	101003	8	101001	6	106004	4	104004	2	111005					1785010090	13010090
85010100	1	85010100	2	85010100		200	101001	6	106007	5	106005	4	108001	2	104002	2	104001	1		1785010100	13010100
85010110	1	85010110	2	85010110		200	101002	9	101001	7	106007	4								1785010110	13010110
85010120	1	85010120	2	85010120		200	101002	9	101001	7	106004	4								1785010120	13010120
85010130	1	85010130	3	85010130		500	101007	18	101002	14	101001	8	106007	5	106004	3	111003	2		1785010130	13010130
85010140	1	85010140	2	85010140		200	101002	9	101001	7	106004	4								1785010140	13010140
85010150	1	85010150	1	85010150		50	101001	10												1785010150	13010150
85010190	1	85010190	3	85010190		500	101002	18	101001	14	106007	8	106006	5	111003	3	104002	2		1785010190	13010190
85010200	1	85010200	1	85010200		50	101001	5	106004	3	111003	2								1785010200	13010200
85010201	1	85010201	1	85010201		50	101001	5	106004	3	111003	2								1785010201	13010201
85010202	1	85010202	1	85010202		50	101001	5	106004	3	111003	2								1785010202	13010202
85010203	1	85010203	1	85010203		50	101001	5	106004	3	111003	2								1785010203	13010203
85010204	1	85010204	1	85010204		50	101001	5	106004	3	111003	2								1785010204	13010204
85010205	1	85010205	1	85010205		50	101001	5	106004	3	111003	2								1785010205	13010205
85010206	1	85010206	1	85010206		50	101001	5	106004	3	111003	2								1785010206	13010206
85010207	1	85010207	1	85010207		50	101001	5	106004	3	111003	2								1785010207	13010207
85010208	1	85010208	1	85010208		50	101001	5	106004	3	111003	2								1785010208	13010208
85010209	1	85010209	1	85010209		50	101001	5	106004	3	111003	2								1785010209	13010209
85010210	1	85010210	2	85010210		200	101002	9	101001	7	106004	4								1785010210	13010210
85010211	1	85010211	2	85010211		200	101002	9	101001	7	106004	4								1785010211	13010211
85010212	1	85010212	2	85010212		200	101002	9	101001	7	106004	4								1785010212	13010212
85010213	1	85010213	2	85010213		200	101002	9	101001	7	106004	4								1785010213	13010213
85010214	1	85010214	2	85010214		200	101002	9	101001	7	106004	4								1785010214	13010214
85010215	1	85010215	2	85010215		200	101002	9	101001	7	106004	4								1785010215	13010215
85010216	1	85010216	2	85010216		200	101002	9	101001	7	106004	4								1785010216	13010216
85010217	1	85010217	2	85010217		200	101002	9	101001	7	106004	4								1785010217	13010217
85010218	1	85010218	2	85010218		200	101002	9	101001	7	106004	4								1785010218	13010218
85010219	1	85010219	2	85010219		200	101002	9	101001	7	106004	4								1785010219	13010219
85010220	1	85010220	2	85010220		200	101002	9	101001	7	106007	4								1785010220	13010220
85010221	1	85010221	2	85010221		200	101002	9	101001	7	106007	4								1785010221	13010221
85010222	1	85010222	2	85010222		200	101002	9	101001	7	106007	4								1785010222	13010222
85010223	1	85010223	2	85010223		200	101002	9	101001	7	106007	4								1785010223	13010223
85010224	1	85010224	2	85010224		200	101002	9	101001	7	106007	4								1785010224	13010224
85010225	1	85010225	2	85010225		200	101002	9	101001	7	106007	4								1785010225	13010225
85010226	1	85010226	2	85010226		200	101002	9	101001	7	106007	4								1785010226	13010226
85010227	1	85010227	2	85010227		200	101002	9	101001	7	106007	4								1785010227	13010227
85010228	1	85010228	2	85010228		200	101002	9	101001	7	106007	4								1785010228	13010228
85010229	1	85010229	2	85010229		200	101002	9	101001	7	106007	4								1785010229	13010229
85010230	1	85010230	1	85010230		50	101001	6	106007	4										1785010230	13010230
85010231	1	85010231	1	85010231		50	101001	6	106007	4										1785010231	13010231
85010232	1	85010232	1	85010232		50	101001	6	106007	4										1785010232	13010232
85010233	1	85010233	1	85010233		50	101001	6	106007	4										1785010233	13010233
85010234	1	85010234	1	85010234		50	101001	6	106007	4										1785010234	13010234
85010235	1	85010235	1	85010235		50	101001	6	106007	4										1785010235	13010235
85010236	1	85010236	1	85010236		50	101001	6	106007	4										1785010236	13010236
85010237	1	85010237	1	85010237		50	101001	6	106007	4										1785010237	13010237
85010238	1	85010238	1	85010238		50	101001	6	106007	4										1785010238	13010238
85010239	1	85010239	1	85010239		50	101001	6	106007	4										1785010239	13010239
85010240	1	85010240	2	85010240		200	101002	9	101001	7	106007	4								1785010240	13010240
85010241	1	85010241	2	85010241		200	101002	9	101001	7	106007	4								1785010241	13010241
85010242	1	85010242	2	85010242		200	101002	9	101001	7	106007	4								1785010242	13010242
85010243	1	85010243	2	85010243		200	101002	9	101001	7	106007	4								1785010243	13010243
85010244	1	85010244	2	85010244		200	101002	9	101001	7	106007	4								1785010244	13010244
85010245	1	85010245	2	85010245		200	101002	9	101001	7	106007	4								1785010245	13010245
85010246	1	85010246	2	85010246		200	101002	9	101001	7	106007	4								1785010246	13010246
85010247	1	85010247	2	85010247		200	101002	9	101001	7	106007	4								1785010247	13010247
85010248	1	85010248	2	85010248		200	101002	9	101001	7	106007	4								1785010248	13010248
85010249	1	85010249	2	85010249		200	101002	9	101001	7	106007	4								1785010249	13010249
85010250	1	85010250	1	85010250		50	101001	6	106007	4										1785010250	13010250
85010251	1	85010251	1	85010251		50	101001	6	106007	4										1785010251	13010251
85010252	1	85010252	1	85010252		50	101001	6	106007	4										1785010252	13010252
85010253	1	85010253	1	85010253		50	101001	6	106007	4										1785010253	13010253
85010254	1	85010254	1	85010254		50	101001	6	106007	4										1785010254	13010254
85010255	1	85010255	1	85010255		50	101001	6	106007	4										1785010255	13010255
85010256	1	85010256	1	85010256		50	101001	6	106007	4										1785010256	13010256
85010257	1	85010257	1	85010257		50	101001	6	106007	4										1785010257	13010257
85010258	1	85010258	1	85010258		50	101001	6	106007	4										1785010258	13010258
85010259	1	85010259	1	85010259		50	101001	6	106007	4										1785010259	13010259
85010260	1	85010260	1	85010260		50	101002	6	106006	4										1785010260	13010260
85010261	1	85010261	1	85010261		50	101002	6	106006	4										1785010261	13010261
85010262	1	85010262	1	85010262		50	101002	6	106006	4										1785010262	13010262
85010263	1	85010263	1	85010263		50	101002	6	106006	4										1785010263	13010263
85010264	1	85010264	1	85010264		50	101002	6	106006	4										1785010264	13010264
85010265	1	85010265	1	85010265		50	101002	6	106006	4										1785010265	13010265
85010266	1	85010266	1	85010266		50	101002	6	106006	4										1785010266	13010266
85010267	1	85010267	1	85010267		50	101002	6	106006	4										1785010267	13010267
85010268	1	85010268	1	85010268		50	101002	6	106006	4										1785010268	13010268
85010269	1	85010269	1	85010269		50	101002	6	106006	4										1785010269	13010269
85010270	1	85010270	3	85010270		500	101002	18	101001	14	106007	8	111003	5	106010	3	104002	2		1785010270	13010270
85010271	1	85010271	3	85010271		500	101002	18	101001	14	106007	8	111003	5	106010	3	104002	2		1785010271	13010271
85010272	1	85010272	3	85010272		500	101002	18	101001	14	106007	8	111003	5	106010	3	104002	2		1785010272	13010272
85010273	1	85010273	3	85010273		500	101002	18	101001	14	106007	8	111003	5	106010	3	104002	2		1785010273	13010273
85010274	1	85010274	3	85010274		500	101002	18	101001	14	106007	8	111003	5	106010	3	104002	2		1785010274	13010274
85010275	1	85010275	3	85010275		500	101002	18	101001	14	106007	8	111003	5	106010	3	104002	2		1785010275	13010275
85010276	1	85010276	3	85010276		500	101002	18	101001	14	106007	8	111003	5	106010	3	104002	2		1785010276	13010276
85010277	1	85010277	3	85010277		500	101002	18	101001	14	106007	8	111003	5	106010	3	104002	2		1785010277	13010277
85010278	1	85010278	3	85010278		500	101002	18	101001	14	106007	8	111003	5	106010	3	104002	2		1785010278	13010278
85010279	1	85010279	3	85010279		500	101002	18	101001	14	106007	8	111003	5	106010	3	104002	2		1785010279	13010279
85010280	1	85010280	2	85010280		200	101002	9	106007	7	106004	4								1785010280	13010280
85010281	1	85010281	2	85010281		200	101002	9	106007	7	106004	4								1785010281	13010281
85010282	1	85010282	2	85010282		200	101002	9	106007	7	106004	4								1785010282	13010282
85010283	1	85010283	2	85010283		200	101002	9	106007	7	106004	4								1785010283	13010283
85010284	1	85010284	2	85010284		200	101002	9	106007	7	106004	4								1785010284	13010284
85010285	1	85010285	2	85010285		200	101002	9	106007	7	106004	4								1785010285	13010285
85010286	1	85010286	2	85010286		200	101002	9	106007	7	106004	4								1785010286	13010286
85010287	1	85010287	2	85010287		200	101002	9	106007	7	106004	4								1785010287	13010287
85010288	1	85010288	2	85010288		200	101002	9	106007	7	106004	4								1785010288	13010288
85010289	1	85010289	2	85010289		200	101002	9	106007	7	106004	4								1785010289	13010289
85010290	1	85010290	2	85010290		200	101001	9	106007	7	111003	4								1785010290	13010290
85010291	1	85010291	2	85010291		200	101001	9	106007	7	111003	4								1785010291	13010291
85010292	1	85010292	2	85010292		200	101001	9	106007	7	111003	4								1785010292	13010292
85010293	1	85010293	2	85010293		200	101001	9	106007	7	111003	4								1785010293	13010293
85010294	1	85010294	2	85010294		200	101001	9	106007	7	111003	4								1785010294	13010294
85010295	1	85010295	2	85010295		200	101001	9	106007	7	111003	4								1785010295	13010295
85010296	1	85010296	2	85010296		200	101001	9	106007	7	111003	4								1785010296	13010296
85010297	1	85010297	2	85010297		200	101001	9	106007	7	111003	4								1785010297	13010297
85010298	1	85010298	2	85010298		200	101001	9	106007	7	111003	4								1785010298	13010298
85010299	1	85010299	2	85010299		200	101001	9	106007	7	111003	4								1785010299	13010299
85010300	1	85010300	2	85010300		200	101002	9	101001	7	106007	4								1785010300	13010300
85010301	1	85010301	2	85010301		200	101002	9	101001	7	106007	4								1785010301	13010301
85010302	1	85010302	2	85010302		200	101002	9	101001	7	106007	4								1785010302	13010302
85010303	1	85010303	2	85010303		200	101002	9	101001	7	106007	4								1785010303	13010303
85010304	1	85010304	2	85010304		200	101002	9	101001	7	106007	4								1785010304	13010304
85010305	1	85010305	2	85010305		200	101002	9	101001	7	106007	4								1785010305	13010305
85010306	1	85010306	2	85010306		200	101002	9	101001	7	106007	4								1785010306	13010306
85010307	1	85010307	2	85010307		200	101002	9	101001	7	106007	4								1785010307	13010307
85010308	1	85010308	2	85010308		200	101002	9	101001	7	106007	4								1785010308	13010308
85010309	1	85010309	2	85010309		200	101002	9	101001	7	106007	4								1785010309	13010309
85010310	1	85010310	1	85010310		50	101001	5	106003	3	106007	2								1785010310	13010310
85010311	1	85010311	1	85010311		50	101001	5	106003	3	106007	2								1785010311	13010311
85010312	1	85010312	1	85010312		50	101001	5	106003	3	106007	2								1785010312	13010312
85010313	1	85010313	1	85010313		50	101001	5	106003	3	106007	2								1785010313	13010313
85010314	1	85010314	1	85010314		50	101001	5	106003	3	106007	2								1785010314	13010314
85010315	1	85010315	1	85010315		50	101001	5	106003	3	106007	2								1785010315	13010315
85010316	1	85010316	1	85010316		50	101001	5	106003	3	106007	2								1785010316	13010316
85010317	1	85010317	1	85010317		50	101001	5	106003	3	106007	2								1785010317	13010317
85010318	1	85010318	1	85010318		50	101001	5	106003	3	106007	2								1785010318	13010318
85010319	1	85010319	1	85010319		50	101001	5	106003	3	106007	2								1785010319	13010319
85010320	1	85010320	2	85010320		200	101001	8	101002	6	106004	4	111003	2						1785010320	13010320
85010321	1	85010321	2	85010321		200	101001	8	101002	6	106004	4	111003	2						1785010321	13010321
85010322	1	85010322	2	85010322		200	101001	8	101002	6	106004	4	111003	2						1785010322	13010322
85010323	1	85010323	2	85010323		200	101001	8	101002	6	106004	4	111003	2						1785010323	13010323
85010324	1	85010324	2	85010324		200	101001	8	101002	6	106004	4	111003	2						1785010324	13010324
85010325	1	85010325	2	85010325		200	101001	8	101002	6	106004	4	111003	2						1785010325	13010325
85010326	1	85010326	2	85010326		200	101001	8	101002	6	106004	4	111003	2						1785010326	13010326
85010327	1	85010327	2	85010327		200	101001	8	101002	6	106004	4	111003	2						1785010327	13010327
85010328	1	85010328	2	85010328		200	101001	8	101002	6	106004	4	111003	2						1785010328	13010328
85010329	1	85010329	2	85010329		200	101001	8	101002	6	106004	4	111003	2						1785010329	13010329
85010330	1	85010330	2	85010330		200	101001	8	101002	6	106004	4	106006	2						1785010330	13010330
85010331	1	85010331	2	85010331		200	101001	8	101002	6	106004	4	106006	2						1785010331	13010331
85010332	1	85010332	2	85010332		200	101001	8	101002	6	106004	4	106006	2						1785010332	13010332
85010333	1	85010333	2	85010333		200	101001	8	101002	6	106004	4	106006	2						1785010333	13010333
85010334	1	85010334	2	85010334		200	101001	8	101002	6	106004	4	106006	2						1785010334	13010334
85010335	1	85010335	2	85010335		200	101001	8	101002	6	106004	4	106006	2						1785010335	13010335
85010336	1	85010336	2	85010336		200	101001	8	101002	6	106004	4	106006	2						1785010336	13010336
85010337	1	85010337	2	85010337		200	101001	8	101002	6	106004	4	106006	2						1785010337	13010337
85010338	1	85010338	2	85010338		200	101001	8	101002	6	106004	4	106006	2						1785010338	13010338
85010339	1	85010339	2	85010339		200	101001	8	101002	6	106004	4	106006	2						1785010339	13010339
85010340	1	85010340	2	85010340		200	101001	9	106004	7	106007	4								1785010340	13010340
85010341	1	85010341	2	85010341		200	101001	9	106004	7	106007	4								1785010341	13010341
85010342	1	85010342	2	85010342		200	101001	9	106004	7	106007	4								1785010342	13010342
85010343	1	85010343	2	85010343		200	101001	9	106004	7	106007	4								1785010343	13010343
85010344	1	85010344	2	85010344		200	101001	9	106004	7	106007	4								1785010344	13010344
85010345	1	85010345	2	85010345		200	101001	9	106004	7	106007	4								1785010345	13010345
85010346	1	85010346	2	85010346		200	101001	9	106004	7	106007	4								1785010346	13010346
85010347	1	85010347	2	85010347		200	101001	9	106004	7	106007	4								1785010347	13010347
85010348	1	85010348	2	85010348		200	101001	9	106004	7	106007	4								1785010348	13010348
85010349	1	85010349	2	85010349		200	101001	9	106004	7	106007	4								1785010349	13010349
85010350	1	85010350	2	85010350		200	101001	9	101003	7	106004	4								1785010350	13010350
85010351	1	85010351	2	85010351		200	101001	9	101003	7	106004	4								1785010351	13010351
85010352	1	85010352	2	85010352		200	101001	9	101003	7	106004	4								1785010352	13010352
85010353	1	85010353	2	85010353		200	101001	9	101003	7	106004	4								1785010353	13010353
85010354	1	85010354	2	85010354		200	101001	9	101003	7	106004	4								1785010354	13010354
85010355	1	85010355	2	85010355		200	101001	9	101003	7	106004	4								1785010355	13010355
85010356	1	85010356	2	85010356		200	101001	9	101003	7	106004	4								1785010356	13010356
85010357	1	85010357	2	85010357		200	101001	9	101003	7	106004	4								1785010357	13010357
85010358	1	85010358	2	85010358		200	101001	9	101003	7	106004	4								1785010358	13010358
85010359	1	85010359	2	85010359		200	101001	9	101003	7	106004	4								1785010359	13010359
85010360	1	85010360	2	85010360		200	101001	11	106007	9										1785010360	13010360
85010361	1	85010361	2	85010361		200	101001	11	106007	9										1785010361	13010361
85010362	1	85010362	2	85010362		200	101001	11	106007	9										1785010362	13010362
85010363	1	85010363	2	85010363		200	101001	11	106007	9										1785010363	13010363
85010364	1	85010364	2	85010364		200	101001	11	106007	9										1785010364	13010364
85010365	1	85010365	2	85010365		200	101001	11	106007	9										1785010365	13010365
85010366	1	85010366	2	85010366		200	101001	11	106007	9										1785010366	13010366
85010367	1	85010367	2	85010367		200	101001	11	106007	9										1785010367	13010367
85010368	1	85010368	2	85010368		200	101001	11	106007	9										1785010368	13010368
85010369	1	85010369	2	85010369		200	101001	11	106007	9										1785010369	13010369
85010370	1	85010370	2	85010370		200	101003	9	101001	7	106004	4								1785010370	13010370
85010371	1	85010371	2	85010371		200	101003	9	101001	7	106004	4								1785010371	13010371
85010372	1	85010372	2	85010372		200	101003	9	101001	7	106004	4								1785010372	13010372
85010373	1	85010373	2	85010373		200	101003	9	101001	7	106004	4								1785010373	13010373
85010374	1	85010374	2	85010374		200	101003	9	101001	7	106004	4								1785010374	13010374
85010375	1	85010375	2	85010375		200	101003	9	101001	7	106004	4								1785010375	13010375
85010376	1	85010376	2	85010376		200	101003	9	101001	7	106004	4								1785010376	13010376
85010377	1	85010377	2	85010377		200	101003	9	101001	7	106004	4								1785010377	13010377
85010378	1	85010378	2	85010378		200	101003	9	101001	7	106004	4								1785010378	13010378
85010379	1	85010379	2	85010379		200	101003	9	101001	7	106004	4								1785010379	13010379
85010380	1	85010380	3	85010380		500	101007	18	101002	14	106007	10	106006	5	111003	3				1785010380	13010380
85010381	1	85010381	3	85010381		500	101007	18	101002	14	106007	10	106006	5	111003	3				1785010381	13010381
85010382	1	85010382	3	85010382		500	101007	18	101002	14	106007	10	106006	5	111003	3				1785010382	13010382
85010383	1	85010383	3	85010383		500	101007	18	101002	14	106007	10	106006	5	111003	3				1785010383	13010383
85010384	1	85010384	3	85010384		500	101007	18	101002	14	106007	10	106006	5	111003	3				1785010384	13010384
85010385	1	85010385	3	85010385		500	101007	18	101002	14	106007	10	106006	5	111003	3				1785010385	13010385
85010386	1	85010386	3	85010386		500	101007	18	101002	14	106007	10	106006	5	111003	3				1785010386	13010386
85010387	1	85010387	3	85010387		500	101007	18	101002	14	106007	10	106006	5	111003	3				1785010387	13010387
85010388	1	85010388	3	85010388		500	101007	18	101002	14	106007	10	106006	5	111003	3				1785010388	13010388
85010389	1	85010389	3	85010389		500	101007	18	101002	14	106007	10	106006	5	111003	3				1785010389	13010389
85010390	1	85010390	3	85010390		500	101007	18	101001	14	106007	10	106004	5	111003	3				1785010390	13010390
85010391	1	85010391	3	85010391		500	101007	18	101001	14	106007	10	106004	5	111003	3				1785010391	13010391
85010392	1	85010392	3	85010392		500	101007	18	101001	14	106007	10	106004	5	111003	3				1785010392	13010392
85010393	1	85010393	3	85010393		500	101007	18	101001	14	106007	10	106004	5	111003	3				1785010393	13010393
85010394	1	85010394	3	85010394		500	101007	18	101001	14	106007	10	106004	5	111003	3				1785010394	13010394
85010395	1	85010395	3	85010395		500	101007	18	101001	14	106007	10	106004	5	111003	3				1785010395	13010395
85010396	1	85010396	3	85010396		500	101007	18	101001	14	106007	10	106004	5	111003	3				1785010396	13010396
85010397	1	85010397	3	85010397		500	101007	18	101001	14	106007	10	106004	5	111003	3				1785010397	13010397
85010398	1	85010398	3	85010398		500	101007	18	101001	14	106007	10	106004	5	111003	3				1785010398	13010398
85010399	1	85010399	3	85010399		500	101007	18	101001	14	106007	10	106004	5	111003	3				1785010399	13010399
85010400	1	85010400	2	85010400		200	101001	8	101002	6	106006	4								1785010400	13010400
85010401	1	85010401	2	85010401		200	101001	8	101002	6	106006	4								1785010401	13010401
85010402	1	85010402	2	85010402		200	101001	8	101002	6	106006	4								1785010402	13010402
85010403	1	85010403	2	85010403		200	101001	8	101002	6	106006	4								1785010403	13010403
85010404	1	85010404	2	85010404		200	101001	8	101002	6	106006	4								1785010404	13010404
85010405	1	85010405	2	85010405		200	101001	8	101002	6	106006	4								1785010405	13010405
85010406	1	85010406	2	85010406		200	101001	8	101002	6	106006	4								1785010406	13010406
85010407	1	85010407	2	85010407		200	101001	8	101002	6	106006	4								1785010407	13010407
85010408	1	85010408	2	85010408		200	101001	8	101002	6	106006	4								1785010408	13010408
85010409	1	85010409	2	85010409		200	101001	8	101002	6	106006	4								1785010409	13010409
85010410	1	85010410	1	85010410		50	101001	6	106003	4										1785010410	13010410
85010411	1	85010411	1	85010411		50	101001	6	106003	4										1785010411	13010411
85010412	1	85010412	1	85010412		50	101001	6	106003	4										1785010412	13010412
85010413	1	85010413	1	85010413		50	101001	6	106003	4										1785010413	13010413
85010414	1	85010414	1	85010414		50	101001	6	106003	4										1785010414	13010414
85010415	1	85010415	1	85010415		50	101001	6	106003	4										1785010415	13010415
85010416	1	85010416	1	85010416		50	101001	6	106003	4										1785010416	13010416
85010417	1	85010417	1	85010417		50	101001	6	106003	4										1785010417	13010417
85010418	1	85010418	1	85010418		50	101001	6	106003	4										1785010418	13010418
85010419	1	85010419	1	85010419		50	101001	6	106003	4										1785010419	13010419
85010420	1	85010420	1	85010420		50	101002	6	106006	4										1785010420	13010420
85010421	1	85010421	1	85010421		50	101002	6	106006	4										1785010421	13010421
85010422	1	85010422	1	85010422		50	101002	6	106006	4										1785010422	13010422
85010423	1	85010423	1	85010423		50	101002	6	106006	4										1785010423	13010423
85010424	1	85010424	1	85010424		50	101002	6	106006	4										1785010424	13010424
85010425	1	85010425	1	85010425		50	101002	6	106006	4										1785010425	13010425
85010426	1	85010426	1	85010426		50	101002	6	106006	4										1785010426	13010426
85010427	1	85010427	1	85010427		50	101002	6	106006	4										1785010427	13010427
85010428	1	85010428	1	85010428		50	101002	6	106006	4										1785010428	13010428
85010429	1	85010429	1	85010429		50	101002	6	106006	4										1785010429	13010429
85010430	1	85010430	1	85010430		50	101001	5	101003	3	106003	2								1785010430	13010430
85010431	1	85010431	1	85010431		50	101001	5	101003	3	106003	2								1785010431	13010431
85010432	1	85010432	1	85010432		50	101001	5	101003	3	106003	2								1785010432	13010432
85010433	1	85010433	1	85010433		50	101001	5	101003	3	106003	2								1785010433	13010433
85010434	1	85010434	1	85010434		50	101001	5	101003	3	106003	2								1785010434	13010434
85010435	1	85010435	1	85010435		50	101001	5	101003	3	106003	2								1785010435	13010435
85010436	1	85010436	1	85010436		50	101001	5	101003	3	106003	2								1785010436	13010436
85010437	1	85010437	1	85010437		50	101001	5	101003	3	106003	2								1785010437	13010437
85010438	1	85010438	1	85010438		50	101001	5	101003	3	106003	2								1785010438	13010438
85010439	1	85010439	1	85010439		50	101001	5	101003	3	106003	2								1785010439	13010439
85010440	1	85010440	2	85010440		200	101001	4	106007	3	106004	2	111003	1						1785010440	13010440
85010441	1	85010441	2	85010441		200	101001	4	106007	3	106004	2	111003	1						1785010441	13010441
85010442	1	85010442	2	85010442		200	101001	4	106007	3	106004	2	111003	1						1785010442	13010442
85010443	1	85010443	2	85010443		200	101001	4	106007	3	106004	2	111003	1						1785010443	13010443
85010444	1	85010444	2	85010444		200	101001	4	106007	3	106004	2	111003	1						1785010444	13010444
85010445	1	85010445	2	85010445		200	101001	4	106007	3	106004	2	111003	1						1785010445	13010445
85010446	1	85010446	2	85010446		200	101001	4	106007	3	106004	2	111003	1						1785010446	13010446
85010447	1	85010447	2	85010447		200	101001	4	106007	3	106004	2	111003	1						1785010447	13010447
85010448	1	85010448	2	85010448		200	101001	4	106007	3	106004	2	111003	1						1785010448	13010448
85010449	1	85010449	2	85010449		200	101001	4	106007	3	106004	2	111003	1						1785010449	13010449
85010450	1	85010450	1	85010450		50	101001	6	106003	4										1785010450	13010450
85010460	1	85010460	2	85010460		200	101003	10	101001	6	106004	4								1785010460	13091547
85010461	1	85010461	2	85010461		200	101003	10	101001	6	106004	4								1785010461	13091547
85010470	1	85010470	2	85010470		200	101001	8	101002	6	106004	4	111003	2						1785010470	13010470
85020010	1	85020010	2	85020010		200	101001	8	106007	6	104002	2								1785020010	13020010
85020020	1	85020020	2	85020020		200	101001	8	106007	6	104002	2								1785020020	13020020
85020030	1	85020030	1	85020030		50	102004	5	101003	3										1785020030	13020030
85020040	1	85020040	1	85020040		50	102004	8												1785020040	13020040
85020050	1	85020050	1	85020050		50	102004	4	101002	3	106003	1								1785020050	13020050
85020060	1	85020060	2	85020060		200	101001	8	106007	6	104002	2								1785020060	13020060
85020070	1	85020070	2	85020070		200	101001	8	106007	6	104002	2								1785020070	13020070
85020080	1	85020080	1	85020080		50	102004	4	101003	3	106003	1								1785020080	13020080
85020090	1	85020090	1	85020090		50	102004	4	101002	3	106006	1								1785020090	13020090
85020100	1	85020100	2	85020100		200	102005	8	101002	5	106006	2	104002	1						1785020100	13020100
85020110	1	85020110	2	85020110		200	106004	8	101003	6	111003	2								1785020110	13020110
85020120	1	85020120	3	85020120		500	102007	18	101002	12	106007	5	106006	3	106004	2				1785020120	13020120
85020130	1	85020130	1	85020130		50	102004	4	101003	3	106003	1								1785020130	13020130
85020131	1	85020131	1	85020131		50	102004	4	101003	3	106003	1								1785020131	13020131
85020132	1	85020132	1	85020132		50	102004	4	101003	3	106003	1								1785020132	13020132
85020133	1	85020133	1	85020133		50	102004	4	101003	3	106003	1								1785020133	13020133
85020134	1	85020134	1	85020134		50	102004	4	101003	3	106003	1								1785020134	13020134
85020135	1	85020135	1	85020135		50	102004	4	101003	3	106003	1								1785020135	13020135
85020136	1	85020136	1	85020136		50	102004	4	101003	3	106003	1								1785020136	13020136
85020137	1	85020137	1	85020137		50	102004	4	101003	3	106003	1								1785020137	13020137
85020138	1	85020138	1	85020138		50	102004	4	101003	3	106003	1								1785020138	13020138
85020139	1	85020139	1	85020139		50	102004	4	101003	3	106003	1								1785020139	13020139
85020140	1	85020140	1	85020140		50	106003	4	101001	3	104002	1								1785020140	13020140
85020141	1	85020141	1	85020141		50	106003	4	101001	3	104002	1								1785020141	13020141
85020142	1	85020142	1	85020142		50	106003	4	101001	3	104002	1								1785020142	13020142
85020143	1	85020143	1	85020143		50	106003	4	101001	3	104002	1								1785020143	13020143
85020144	1	85020144	1	85020144		50	106003	4	101001	3	104002	1								1785020144	13020144
85020145	1	85020145	1	85020145		50	106003	4	101001	3	104002	1								1785020145	13020145
85020146	1	85020146	1	85020146		50	106003	4	101001	3	104002	1								1785020146	13020146
85020147	1	85020147	1	85020147		50	106003	4	101001	3	104002	1								1785020147	13020147
85020148	1	85020148	1	85020148		50	106003	4	101001	3	104002	1								1785020148	13020148
85020149	1	85020149	1	85020149		50	106003	4	101001	3	104002	1								1785020149	13020149
85020150	1	85020150	1	85020150		50	101002	5	111003	3										1785020150	13020150
85020151	1	85020151	1	85020151		50	101002	5	111003	3										1785020151	13020151
85020152	1	85020152	1	85020152		50	101002	5	111003	3										1785020152	13020152
85020153	1	85020153	1	85020153		50	101002	5	111003	3										1785020153	13020153
85020154	1	85020154	1	85020154		50	101002	5	111003	3										1785020154	13020154
85020155	1	85020155	1	85020155		50	101002	5	111003	3										1785020155	13020155
85020156	1	85020156	1	85020156		50	101002	5	111003	3										1785020156	13020156
85020157	1	85020157	1	85020157		50	101002	5	111003	3										1785020157	13020157
85020158	1	85020158	1	85020158		50	101002	5	111003	3										1785020158	13020158
85020159	1	85020159	1	85020159		50	101002	5	111003	3										1785020159	13020159
85020160	1	85020160	1	85020160		50	101003	4	106006	3	102004	1								1785020160	13020160
85020161	1	85020161	1	85020161		50	101003	4	106006	3	102004	1								1785020161	13020161
85020162	1	85020162	1	85020162		50	101003	4	106006	3	102004	1								1785020162	13020162
85020163	1	85020163	1	85020163		50	101003	4	106006	3	102004	1								1785020163	13020163
85020164	1	85020164	1	85020164		50	101003	4	106006	3	102004	1								1785020164	13020164
85020165	1	85020165	1	85020165		50	101003	4	106006	3	102004	1								1785020165	13020165
85020166	1	85020166	1	85020166		50	101003	4	106006	3	102004	1								1785020166	13020166
85020167	1	85020167	1	85020167		50	101003	4	106006	3	102004	1								1785020167	13020167
85020168	1	85020168	1	85020168		50	101003	4	106006	3	102004	1								1785020168	13020168
85020169	1	85020169	1	85020169		50	101003	4	106006	3	102004	1								1785020169	13020169
85020170	1	85020170	1	85020170		50	101002	5	106006	3										1785020170	13020170
85020171	1	85020171	1	85020171		50	101002	5	106006	3										1785020171	13020171
85020172	1	85020172	1	85020172		50	101002	5	106006	3										1785020172	13020172
85020173	1	85020173	1	85020173		50	101002	5	106006	3										1785020173	13020173
85020174	1	85020174	1	85020174		50	101002	5	106006	3										1785020174	13020174
85020175	1	85020175	1	85020175		50	101002	5	106006	3										1785020175	13020175
85020176	1	85020176	1	85020176		50	101002	5	106006	3										1785020176	13020176
85020177	1	85020177	1	85020177		50	101002	5	106006	3										1785020177	13020177
85020178	1	85020178	1	85020178		50	101002	5	106006	3										1785020178	13020178
85020179	1	85020179	1	85020179		50	101002	5	106006	3										1785020179	13020179
85020180	1	85020180	1	85020180		50	101003	5	106003	3										1785020180	13020180
85020181	1	85020181	1	85020181		50	101003	5	106003	3										1785020181	13020181
85020182	1	85020182	1	85020182		50	101003	5	106003	3										1785020182	13020182
85020183	1	85020183	1	85020183		50	101003	5	106003	3										1785020183	13020183
85020184	1	85020184	1	85020184		50	101003	5	106003	3										1785020184	13020184
85020185	1	85020185	1	85020185		50	101003	5	106003	3										1785020185	13020185
85020186	1	85020186	1	85020186		50	101003	5	106003	3										1785020186	13020186
85020187	1	85020187	1	85020187		50	101003	5	106003	3										1785020187	13020187
85020188	1	85020188	1	85020188		50	101003	5	106003	3										1785020188	13020188
85020189	1	85020189	1	85020189		50	101003	5	106003	3										1785020189	13020189
85020190	1	85020190	1	85020190		50	101002	5	106003	3										1785020190	13020190
85020191	1	85020191	1	85020191		50	101002	5	106003	3										1785020191	13020191
85020192	1	85020192	1	85020192		50	101002	5	106003	3										1785020192	13020192
85020193	1	85020193	1	85020193		50	101002	5	106003	3										1785020193	13020193
85020194	1	85020194	1	85020194		50	101002	5	106003	3										1785020194	13020194
85020195	1	85020195	1	85020195		50	101002	5	106003	3										1785020195	13020195
85020196	1	85020196	1	85020196		50	101002	5	106003	3										1785020196	13020196
85020197	1	85020197	1	85020197		50	101002	5	106003	3										1785020197	13020197
85020198	1	85020198	1	85020198		50	101002	5	106003	3										1785020198	13020198
85020199	1	85020199	1	85020199		50	101002	5	106003	3										1785020199	13020199
85020200	1	85020200	2	85020200		200	101001	8	106007	6	102005	2								1785020200	13020200
85020201	1	85020201	2	85020201		200	101001	8	106007	6	102005	2								1785020201	13020201
85020202	1	85020202	2	85020202		200	101001	8	106007	6	102005	2								1785020202	13020202
85020203	1	85020203	2	85020203		200	101001	8	106007	6	102005	2								1785020203	13020203
85020204	1	85020204	2	85020204		200	101001	8	106007	6	102005	2								1785020204	13020204
85020205	1	85020205	2	85020205		200	101001	8	106007	6	102005	2								1785020205	13020205
85020206	1	85020206	2	85020206		200	101001	8	106007	6	102005	2								1785020206	13020206
85020207	1	85020207	2	85020207		200	101001	8	106007	6	102005	2								1785020207	13020207
85020208	1	85020208	2	85020208		200	101001	8	106007	6	102005	2								1785020208	13020208
85020209	1	85020209	2	85020209		200	101001	8	106007	6	102005	2								1785020209	13020209
85020210	1	85020210	2	85020210		200	101001	8	106004	5	103001	2	102005	1						1785020210	13020210
85020211	1	85020211	2	85020211		200	101001	8	106004	5	103001	2	102005	1						1785020211	13020211
85020212	1	85020212	2	85020212		200	101001	8	106004	5	103001	2	102005	1						1785020212	13020212
85020213	1	85020213	2	85020213		200	101001	8	106004	5	103001	2	102005	1						1785020213	13020213
85020214	1	85020214	2	85020214		200	101001	8	106004	5	103001	2	102005	1						1785020214	13020214
85020215	1	85020215	2	85020215		200	101001	8	106004	5	103001	2	102005	1						1785020215	13020215
85020216	1	85020216	2	85020216		200	101001	8	106004	5	103001	2	102005	1						1785020216	13020216
85020217	1	85020217	2	85020217		200	101001	8	106004	5	103001	2	102005	1						1785020217	13020217
85020218	1	85020218	2	85020218		200	101001	8	106004	5	103001	2	102005	1						1785020218	13020218
85020219	1	85020219	2	85020219		200	101001	8	106004	5	103001	2	102005	1						1785020219	13020219
85020220	1	85020220	2	85020220		200	101002	8	101001	5	106004	2	104002	1						1785020220	13020220
85020221	1	85020221	2	85020221		200	101002	8	101001	5	106004	2	104002	1						1785020221	13020221
85020222	1	85020222	2	85020222		200	101002	8	101001	5	106004	2	104002	1						1785020222	13020222
85020223	1	85020223	2	85020223		200	101002	8	101001	5	106004	2	104002	1						1785020223	13020223
85020224	1	85020224	2	85020224		200	101002	8	101001	5	106004	2	104002	1						1785020224	13020224
85020225	1	85020225	2	85020225		200	101002	8	101001	5	106004	2	104002	1						1785020225	13020225
85020226	1	85020226	2	85020226		200	101002	8	101001	5	106004	2	104002	1						1785020226	13020226
85020227	1	85020227	2	85020227		200	101002	8	101001	5	106004	2	104002	1						1785020227	13020227
85020228	1	85020228	2	85020228		200	101002	8	101001	5	106004	2	104002	1						1785020228	13020228
85020229	1	85020229	2	85020229		200	101002	8	101001	5	106004	2	104002	1						1785020229	13020229
85020230	1	85020230	2	85020230		200	111002	8	106004	5	106006	2	104002	1						1785020230	13020230
85020231	1	85020231	2	85020231		200	111002	8	106004	5	106006	2	104002	1						1785020231	13020231
85020232	1	85020232	2	85020232		200	111002	8	106004	5	106006	2	104002	1						1785020232	13020232
85020233	1	85020233	2	85020233		200	111002	8	106004	5	106006	2	104002	1						1785020233	13020233
85020234	1	85020234	2	85020234		200	111002	8	106004	5	106006	2	104002	1						1785020234	13020234
85020235	1	85020235	2	85020235		200	111002	8	106004	5	106006	2	104002	1						1785020235	13020235
85020236	1	85020236	2	85020236		200	111002	8	106004	5	106006	2	104002	1						1785020236	13020236
85020237	1	85020237	2	85020237		200	111002	8	106004	5	106006	2	104002	1						1785020237	13020237
85020238	1	85020238	2	85020238		200	111002	8	106004	5	106006	2	104002	1						1785020238	13020238
85020239	1	85020239	2	85020239		200	111002	8	106004	5	106006	2	104002	1						1785020239	13020239
85030010	1	85030010	2	85030010		200	106007	8	106004	6	111002	2								1785030010	13030010
85030020	1	85030020	1	85030020		50	101003	5	106003	3										1785030020	13030020
85030030	1	85030030	1	85030030		50	101002	5	106006	3										1785030030	13030030
85030040	1	85030040	1	85030040		50	111002	5	106003	3										1785030040	13030040
85030050	1	85030050	2	85030050		200	106007	8	106004	6	104002	2								1785030050	13030050
85030060	1	85030060	2	85030060		200	106007	8	106004	6	101003	2								1785030060	13030060
85030070	1	85030070	2	85030070		200	106007	8	106004	6	104002	2								1785030070	13030070
85030080	1	85030080	2	85030080		200	102005	8	106007	6	111003	2								1785030080	13030080
85030090	1	85030090	2	85030090		200	102005	8	106004	5	111002	2	104002	1						1785030090	13030090
85030100	1	85030100	2	85030100		200	101002	8	106007	6	104002	2								1785030100	13030100
85030101	1	85030101	2	85030101		200	101002	8	106007	6	104002	2								1785030101	13030101
85030102	1	85030102	2	85030102		200	101002	8	106007	6	104002	2								1785030102	13030102
85030103	1	85030103	2	85030103		200	101002	8	106007	6	104002	2								1785030103	13030103
85030104	1	85030104	2	85030104		200	101002	8	106007	6	104002	2								1785030104	13030104
85030105	1	85030105	2	85030105		200	101002	8	106007	6	104002	2								1785030105	13030105
85030106	1	85030106	2	85030106		200	101002	8	106007	6	104002	2								1785030106	13030106
85030107	1	85030107	2	85030107		200	101002	8	106007	6	104002	2								1785030107	13030107
85030108	1	85030108	2	85030108		200	101002	8	106007	6	104002	2								1785030108	13030108
85030109	1	85030109	2	85030109		200	101002	8	106007	6	104002	2								1785030109	13030109
85030110	1	85030110	1	85030110		50	102004	5	106003	3										1785030110	13030110
85030120	1	85030120	1	85030120		50	106006	5	111002	3										1785030120	13030120
85030129	1	85030129	1	85030129		50	106006	5	111002	3										1785030129	13030129
85030130	1	85030130	2	85030130		200	111002	8	106004	5	106006	2	104002	1						1785030130	13030130
85030131	1	85030131	2	85030131		200	111002	8	106004	5	106006	2	104002	1						1785030131	13030131
85030132	1	85030132	2	85030132		200	111002	8	106004	5	106006	2	104002	1						1785030132	13030132
85030133	1	85030133	2	85030133		200	111002	8	106004	5	106006	2	104002	1						1785030133	13030133
85030134	1	85030134	2	85030134		200	111002	8	106004	5	106006	2	104002	1						1785030134	13030134
85030135	1	85030135	2	85030135		200	111002	8	106004	5	106006	2	104002	1						1785030135	13030135
85030136	1	85030136	2	85030136		200	111002	8	106004	5	106006	2	104002	1						1785030136	13030136
85030137	1	85030137	2	85030137		200	111002	8	106004	5	106006	2	104002	1						1785030137	13030137
85030138	1	85030138	2	85030138		200	111002	8	106004	5	106006	2	104002	1						1785030138	13030138
85030139	1	85030139	2	85030139		200	111002	8	106004	5	106006	2	104002	1						1785030139	13030139
85030140	1	85030140	2	85030140		200	106003	8	106007	5	106006	2	104002	1						1785030140	13030140
85030141	1	85030141	2	85030141		200	106003	8	106007	5	106006	2	104002	1						1785030141	13030141
85030142	1	85030142	2	85030142		200	106003	8	106007	5	106006	2	104002	1						1785030142	13030142
85030143	1	85030143	2	85030143		200	106003	8	106007	5	106006	2	104002	1						1785030143	13030143
85030144	1	85030144	2	85030144		200	106003	8	106007	5	106006	2	104002	1						1785030144	13030144
85030145	1	85030145	2	85030145		200	106003	8	106007	5	106006	2	104002	1						1785030145	13030145
85030150	1	85030150	2	85030150		200	101002	8	106007	6	104002	2								1785030150	13030150
85030160	1	85030160	1	85030160		50	106006	5	111002	3										1785030160	13030160
85030170	1	85030170	2	85030170		200	106003	8	106007	5	106006	2	104002	1						1785030170	13030170
85030180	1	85030180	2	85030180		200	106003	8	106007	5	106006	2	104002	1						1785030180	13030180
85040010	1	85040010	2	85040010		200	106001	7	101004	3										1785040010	13040010
85040020	1	85040020	2	85040020		200	106005	7	106006	3										1785040020	13040020
85040050	1	85040050	1	85040050		50	106005	5												1785040050	13040050
85040060	1	85040060	1	85040060		50	110001	5												1785040060	13040060
85040061	1	85040061	1	85040061		50	110001	5												1785040061	13040061
85040062	1	85040062	1	85040062		50	110001	5												1785040062	13040062
85040063	1	85040063	1	85040063		50	110001	5												1785040063	13040063
85040064	1	85040064	1	85040064		50	110001	5												1785040064	13040064
85040065	1	85040065	1	85040065		50	110001	5												1785040065	13040065
85040066	1	85040066	1	85040066		50	110001	5												1785040066	13040066
85040067	1	85040067	1	85040067		50	110001	5												1785040067	13040067
85040068	1	85040068	1	85040068		50	110001	5												1785040068	13040068
85040069	1	85040069	1	85040069		50	110001	5												1785040069	13040069
85040070	1	85040070	2	85040070		200	106005	6	111001	2	104001	2								1785040070	13040070
85040080	1	85040080	1	85040080		50	102002	5												1785040080	13040080
85040090	1	85040090	2	85040090		200	106003	5	106005	2	111002	2	104002	1						1785040090	13040090
85040100	1	85040100	2	85040100		200	106005	6	106006	2	104001	2								1785040100	13040100
85040110	1	85040110	2	85040110		200	110002	10												1785040110	13040110
85040120	1	85040120	1	85040120		50	106001	5												1785040120	13040120
85040130	1	85040130	2	85040130		200	106001	10												1785040130	13040130
85040140	1	85040140	2	85040140		200	106006	6	106005	2	111002	2								1785040140	13040140
85040150	1	85040150	1	85040150		50	106001	3	102003	2										1785040150	13040150
85040160	1	85040160	1	85040160		50	106003	5												1785040160	13040160
85040170	1	85040170	1	85040170		50	106006	5												1785040170	13040170
85040179	1	85040179	2	85040179		200	106006	7	111002	3										1785040179	13040179
85040180	1	85040180	1	85040180		50	106003	3	108001	2										1785040180	13040180
85040190	1	85040190	1	85040190		50	106003	5												1785040190	13040190
85040200	1	85040200	2	85040200		200	102006	10												1785040200	13040200
85040210	1	85040210	1	85040210		50	102003	5												1785040210	13040210
85040220	1	85040220	1	85040220		50	102003	5												1785040220	13040220
85040230	1	85040230	2	85040230		200	111001	10												1785040230	13040230
85040231	1	85040231	2	85040231		200	111001	10												1785040231	13040231
85040232	1	85040232	2	85040232		200	111001	10												1785040232	13040232
85040233	1	85040233	2	85040233		200	111001	10												1785040233	13040233
85040234	1	85040234	2	85040234		200	111001	10												1785040234	13040234
85040235	1	85040235	2	85040235		200	111001	10												1785040235	13040235
85040240	1	85040240	2	85040240		200	111001	10												1785040240	13040240
85040241	1	85040241	2	85040241		200	111001	10												1785040241	13040241
85040242	1	85040242	2	85040242		200	111001	10												1785040242	13040242
85040243	1	85040243	2	85040243		200	111001	10												1785040243	13040243
85040244	1	85040244	2	85040244		200	111001	10												1785040244	13040244
85040245	1	85040245	2	85040245		200	111001	10												1785040245	13040245
85040250	1	85040250	1	85040250		50	106005	5												1785040250	13040250
85040251	1	85040251	1	85040251		50	106005	5												1785040251	13040251
85040252	1	85040252	1	85040252		50	106005	5												1785040252	13040252
85040253	1	85040253	1	85040253		50	106005	5												1785040253	13040253
85040254	1	85040254	1	85040254		50	106005	5												1785040254	13040254
85040255	1	85040255	1	85040255		50	106005	5												1785040255	13040255
85040260	1	85040260	1	85040260		50	106006	3	104001	2										1785040260	13040260
85040270	1	85040270	1	85040270		50	106006	3	104001	2										1785040270	13040270
85040280	1	85040280	2	85040280		200	106006	6	106003	2	104001	2								1785040280	13040280
85040300	1	85040300	2	85040300		200	106006	10												1785040300	13040300
85040310	1	85040310	2	85040310		200	106005	7	106006	3										1785040310	13040310
85040320	1	85040320	2	85040320		200	106006	6	106005	2	104001	2								1785040320	13040320
85040330	1	85040330	1	85040330		50	106006	3	104001	2										1785040330	13040330
85040340	1	85040340	1	85040340		50	106006	5												1785040340	13040340
85040350	1	85040350	2	85040350		200	106001	10												1785040350	13040350
85040360	1	85040360	2	85040360		200	106001	10												1785040360	13040360
85040370	1	85040370	2	85040370		200	106001	10												1785040370	13040370
85040380	1	85040380	1	85040380		50	106001	5												1785040380	13040380
85040390	1	85040390	2	85040390		200	106001	10												1785040390	13040390
85040400	1	85040400	3	85040400		500	106001	15	106005	5	106004	3	105005	2						1785040400	13040400
85040410	1	85040410	3	85040410		500	106005	15	106003	3	106007	3	106006	3	108001	1				1785040410	13040410
85040420	1	85040420	2	85040420		200	106005	6	102003	2	111002	2								1785040420	13040420
85040430	1	85040430	1	85040430		50	106005	5												1785040430	13040430
85040440	1	85040440	2	85040440		200	102005	5												1785040440	13040440
85040450	1	85040450	2	85040450		200	106005	7	108003	3										1785040450	13040450
85040451	1	85040451	2	85040451		200	106005	7	108003	3										1785040451	13040451
85040452	1	85040452	2	85040452		200	106005	7	108003	3										1785040452	13040452
85040453	1	85040453	2	85040453		200	106005	7	108003	3										1785040453	13040453
85040454	1	85040454	2	85040454		200	106005	7	108003	3										1785040454	13040454
85040455	1	85040455	2	85040455		200	106005	7	108003	3										1785040455	13040455
85040460	1	85040460	1	85040460		50	111002	5												1785040460	13040460
85040461	1	85040461	1	85040461		50	111002	5												1785040461	13040461
85040462	1	85040462	1	85040462		50	111002	5												1785040462	13040462
85040463	1	85040463	1	85040463		50	111002	5												1785040463	13040463
85040464	1	85040464	1	85040464		50	111002	5												1785040464	13040464
85040465	1	85040465	1	85040465		50	111002	5												1785040465	13040465
85040480	1	85040480	1	85040480		50	102003	5												1785040480	13040480
85040490	1	85040490	1	85040490		50	106006	5												1785040490	13040490
85040491	1	85040491	1	85040491		50	106006	5												1785040491	13040491
85040492	1	85040492	1	85040492		50	106006	5												1785040492	13040492
85040493	1	85040493	1	85040493		50	106006	5												1785040493	13040493
85040494	1	85040494	1	85040494		50	106006	5												1785040494	13040494
85040495	1	85040495	1	85040495		50	106006	5												1785040495	13040495
85040510	1	85040510	2	85040510		200	106008	10												1785040510	13040510
85040520	1	85040520	1	85040520		50	106005	5												1785040520	13040520
85040521	1	85040521	1	85040521		50	106005	5												1785040521	13040521
85040522	1	85040522	1	85040522		50	106005	5												1785040522	13040522
85040523	1	85040523	1	85040523		50	106005	5												1785040523	13040523
85040524	1	85040524	1	85040524		50	106005	5												1785040524	13040524
85040525	1	85040525	1	85040525		50	106005	5												1785040525	13040525
85040530	1	85040530	1	85040530		50	102003	5												1785040530	13040530
85040531	1	85040531	1	85040531		50	102003	5												1785040531	13040531
85040532	1	85040532	1	85040532		50	102003	5												1785040532	13040532
85040533	1	85040533	1	85040533		50	102003	5												1785040533	13040533
85040534	1	85040534	1	85040534		50	102003	5												1785040534	13040534
85040535	1	85040535	1	85040535		50	102003	5												1785040535	13040535
85040540	1	85040540	1	85040540		50	111002	5												1785040540	13040540
85040541	1	85040541	1	85040541		50	111002	5												1785040541	13040541
85040542	1	85040542	1	85040542		50	111002	5												1785040542	13040542
85040543	1	85040543	1	85040543		50	111002	5												1785040543	13040543
85040544	1	85040544	1	85040544		50	111002	5												1785040544	13040544
85040545	1	85040545	1	85040545		50	111002	5												1785040545	13040545
85040550	1	85040550	1	85040550		50	110001	5												1785040550	13040550
85040560	1	85040560	1	85040560		50	110001	5												1785040560	13040560
85050010	1	85050010	2	85050010		200	111002	6	108001	3	111005	2	111006	1						1785050010	13050010
85050020	1	85050020	1	85050020		50	111001	3	111005	2	111006	1								1785050020	13050020
85050030	1	85050030	2	85050030		200	106007	6	106003	3	108002	2	105002	1						1785050030	13050030
85050040	1	85050040	2	85050040		200	111002	6	108001	3	111005	2	111006	1						1785050040	13050040
85050050	1	85050050	1	85050050		50	102003	3	111005	2	111006	1								1785050050	13050050
85050060	1	85050060	1	85050060		50	111001	3	111005	2	111006	1								1785050060	13050060
85050120	1	85050120	2	85050120		200	106003	6	106007	3	108002	2	105001	1						1785050120	13050120
85050130	1	85050130	3	85050130		500	106007	15	106003	8	108002	4	105004	3						1785050130	13050130
85050131	1	85050131	3	85050131		500	106007	15	106003	8	108002	4	105004	3						1785050131	13050131
85050132	1	85050132	3	85050132		500	106007	15	106003	8	108002	4	105004	3						1785050132	13050132
85050133	1	85050133	3	85050133		500	106007	15	106003	8	108002	4	105004	3						1785050133	13050133
85050134	1	85050134	3	85050134		500	106007	15	106003	8	108002	4	105004	3						1785050134	13050134
85050135	1	85050135	3	85050135		500	106007	15	106003	8	108002	4	105004	3						1785050135	13050135
85050140	1	85050140	3	85050140		500	106007	15	106003	8	108002	4	105003	3						1785050140	13050140
85050141	1	85050141	3	85050141		500	106007	15	106003	8	108002	4	105003	3						1785050141	13050141
85050142	1	85050142	3	85050142		500	106007	15	106003	8	108002	4	105003	3						1785050142	13050142
85050143	1	85050143	3	85050143		500	106007	15	106003	8	108002	4	105003	3						1785050143	13050143
85050144	1	85050144	3	85050144		500	106007	15	106003	8	108002	4	105003	3						1785050144	13050144
85050145	1	85050145	3	85050145		500	106007	15	106003	8	108002	4	105003	3						1785050145	13050145
85050150	1	85050150	1	85050150		50	111001	3	111005	2	111006	1								1785050150	13050150
85050151	1	85050151	1	85050151		50	111001	3	111005	2	111006	1								1785050151	13050151
85050152	1	85050152	1	85050152		50	111001	3	111005	2	111006	1								1785050152	13050152
85050153	1	85050153	1	85050153		50	111001	3	111005	2	111006	1								1785050153	13050153
85050154	1	85050154	1	85050154		50	111001	3	111005	2	111006	1								1785050154	13050154
85050155	1	85050155	1	85050155		50	111001	3	111005	2	111006	1								1785050155	13050155
85050160	1	85050160	2	85050160		200	106003	6	108002	4	105002	2								1785050160	13050160
85050161	1	85050161	2	85050161		200	106003	6	108002	4	105002	2								1785050161	13050161
85050162	1	85050162	2	85050162		200	106003	6	108002	4	105002	2								1785050162	13050162
85050163	1	85050163	2	85050163		200	106003	6	108002	4	105002	2								1785050163	13050163
85050164	1	85050164	2	85050164		200	106003	6	108002	4	105002	2								1785050164	13050164
85050165	1	85050165	2	85050165		200	106003	6	108002	4	105002	2								1785050165	13050165
85050170	1	85050170	1	85050170		50	106006	3	111005	2	111006	1								1785050170	13050170
85050171	1	85050171	1	85050171		50	106006	3	111005	2	111006	1								1785050171	13050171
85050172	1	85050172	1	85050172		50	106006	3	111005	2	111006	1								1785050172	13050172
85050173	1	85050173	1	85050173		50	106006	3	111005	2	111006	1								1785050173	13050173
85050174	1	85050174	1	85050174		50	106006	3	111005	2	111006	1								1785050174	13050174
85050175	1	85050175	1	85050175		50	106006	3	111005	2	111006	1								1785050175	13050175
85050180	1	85050180	2	85050180		200	111001	5	111003	4	111005	2	111006	1						1785050180	13050180
85050181	1	85050181	2	85050181		200	111001	5	111003	4	111005	2	111006	1						1785050181	13050181
85050182	1	85050182	2	85050182		200	111001	5	111003	4	111005	2	111006	1						1785050182	13050182
85050183	1	85050183	2	85050183		200	111001	5	111003	4	111005	2	111006	1						1785050183	13050183
85050184	1	85050184	2	85050184		200	111001	5	111003	4	111005	2	111006	1						1785050184	13050184
85050185	1	85050185	2	85050185		200	111001	5	111003	4	111005	2	111006	1						1785050185	13050185
85050190	1	85050190	2	85050190		200	106005	5	106007	3	111002	2	105002	2						1785050190	13050190
85050191	1	85050191	2	85050191		200	106005	5	106007	3	111002	2	105002	2						1785050191	13050191
85050192	1	85050192	2	85050192		200	106005	5	106007	3	111002	2	105002	2						1785050192	13050192
85050193	1	85050193	2	85050193		200	106005	5	106007	3	111002	2	105002	2						1785050193	13050193
85050194	1	85050194	2	85050194		200	106005	5	106007	3	111002	2	105002	2						1785050194	13050194
85050195	1	85050195	2	85050195		200	106005	5	106007	3	111002	2	105002	2						1785050195	13050195
85050200	1	85050200	2	85050200		200	102003	6	111005	5	111006	3								1785050200	13091547
85050201	1	85050201	2	85050201		200	102003	6	111005	5	111006	3								1785050201	13091547
85060010	1	85060010	2	85060010		200	106005	5	106007	3	111002	2	105002	2						1785060010	13060010
85060020	1	85060020	2	85060020		200	106005	5	106007	3	111002	2	105002	2						1785060020	13060020
85060030	1	85060030	2	85060030		200	106007	5	106004	3	111002	2	105002	2						1785060030	13060030
85060040	1	85060040	2	85060040		200	106004	5	106007	3	106006	2	105002	2						1785060040	13060040
85060050	1	85060050	2	85060050		200	106004	4	111002	2	111005	2	111007	2	105002	2				1785060050	13060050
85060060	1	85060060	2	85060060		200	106005	4	106007	2	106003	2	104002	2	105002	2				1785060060	13060060
85060070	1	85060070	2	85060070		200	106005	5	106007	3	111003	2	105002	2						1785060070	13060070
85060080	1	85060080	1	85060080		50	106005	4	106003	2										1785060080	13060080
85060090	1	85060090	2	85060090		200	106005	4	106007	2	106003	2	111003	2	105002	2				1785060090	13060090
85060100	1	85060100	3	85060100		500	106007	12	106003	8	105002	5	111002	3	104002	2				1785060100	13060100
85060110	1	85060110	1	85060110		50	106003	3	111002	2	105002	1								1785060110	13060110
85060120	1	85060120	1	85060120		50	106007	6												1785060120	13060120
85070010	1	85070010	2	85070010		200	106005	12	106007	4										1785070010	13070010
85070020	1	85070020	1	85070020		50	106006	6	106003	2										1785070020	13070020
85070030	1	85070030	2	85070030		200	106005	8	106007	4	106003	2	111003	2						1785070030	13070030
85070040	1	85070040	3	85070040		500	106005	20	106009	10	106007	5	106004	5						1785070040	13070040
85070050	1	85070050	2	85070050		200	106005	10	106007	4	106004	2								1785070050	13070050
85070060	1	85070060	1	85070060		50	106005	6	106003	2										1785070060	13070060
85070070	1	85070070	3	85070070		500	106004	20	106009	10	106007	5	105005	5						1785070070	13070070
85070080	1	85070080	2	85070080		200	106009	16												1785070080	13070080
85070090	1	85070090	1	85070090		50	106003	6	106005	2										1785070090	13070090
85070100	1	85070100	2	85070100		200	106005	10	106009	4	106003	2								1785070100	13070100
85070110	1	85070110	2	85070110		200	106005	8	106009	4	106007	2	106003	2						1785070110	13070110
85070120	1	85070120	2	85070120		200	106005	10	106009	4	106007	2								1785070120	13070120
85070130	1	85070130	3	85070130		500	106009	25	106005	10	106004	5								1785070130	13070130
85070140	1	85070140	1	85070140		50	102001	8												1785070140	13070140
85070150	1	85070150	2	85070150		200	102001	12	106010	4										1785070150	13070150
85070160	1	85070160	1	85070160		50	106003	6	106005	2										1785070160	13070160
85070170	1	85070170	2	85070170		200	106004	10	106005	2	106009	2	101005	2						1785070170	13070170
85070180	1	85070180	2	85070180		200	106004	10	106005	4	101005	2								1785070180	13070180
85080010	1	85080010	1	85080010		50	101001	4	106003	1	111003	1								1785080010	13080010
85080020	1	85080020	1	85080020		50	102006	5	111003	1										1785080020	13080020
85080030	1	85080030	1	85080030		50	101001	5	111003	1										1785080030	13080030
85080050	1	85080050	2	85080050		200	101001	8	106004	2	111003	2								1785080050	13080050
85080051	1	85080051	2	85080051		200	101001	8	106004	2	111003	2								1785080051	13080051
85080052	1	85080052	2	85080052		200	101001	8	106004	2	111003	2								1785080052	13080052
85080053	1	85080053	2	85080053		200	101001	8	106004	2	111003	2								1785080053	13080053
85080054	1	85080054	2	85080054		200	101001	8	106004	2	111003	2								1785080054	13080054
85080055	1	85080055	2	85080055		200	101001	8	106004	2	111003	2								1785080055	13080055
85080056	1	85080056	2	85080056		200	101001	8	106004	2	111003	2								1785080056	13080056
85080057	1	85080057	2	85080057		200	101001	8	106004	2	111003	2								1785080057	13080057
85080058	1	85080058	2	85080058		200	101001	8	106004	2	111003	2								1785080058	13080058
85080059	1	85080059	2	85080059		200	101001	8	106004	2	111003	2								1785080059	13080059
85080060	1	85080060	3	85080060		500	101002	18	101001	6	106007	3	111003	3						1785080060	13080060
85080061	1	85080061	3	85080061		500	101002	18	101001	6	106007	3	111003	3						1785080061	13080061
85080062	1	85080062	3	85080062		500	101002	18	101001	6	106007	3	111003	3						1785080062	13080062
85080063	1	85080063	3	85080063		500	101002	18	101001	6	106007	3	111003	3						1785080063	13080063
85080064	1	85080064	3	85080064		500	101002	18	101001	6	106007	3	111003	3						1785080064	13080064
85080065	1	85080065	3	85080065		500	101002	18	101001	6	106007	3	111003	3						1785080065	13080065
85080066	1	85080066	3	85080066		500	101002	18	101001	6	106007	3	111003	3						1785080066	13080066
85080067	1	85080067	3	85080067		500	101002	18	101001	6	106007	3	111003	3						1785080067	13080067
85080068	1	85080068	3	85080068		500	101002	18	101001	6	106007	3	111003	3						1785080068	13080068
85080069	1	85080069	3	85080069		500	101002	18	101001	6	106007	3	111003	3						1785080069	13080069
85080070	1	85080070	2	85080070		200	101001	8	111003	4										1785080070	13080070
85080071	1	85080071	2	85080071		200	101001	8	111003	4										1785080071	13080071
85080072	1	85080072	2	85080072		200	101001	8	111003	4										1785080072	13080072
85080073	1	85080073	2	85080073		200	101001	8	111003	4										1785080073	13080073
85080074	1	85080074	2	85080074		200	101001	8	111003	4										1785080074	13080074
85080075	1	85080075	2	85080075		200	101001	8	111003	4										1785080075	13080075
85080076	1	85080076	2	85080076		200	101001	8	111003	4										1785080076	13080076
85080077	1	85080077	2	85080077		200	101001	8	111003	4										1785080077	13080077
85080078	1	85080078	2	85080078		200	101001	8	111003	4										1785080078	13080078
85080079	1	85080079	2	85080079		200	101001	8	111003	4										1785080079	13080079
85080080	1	85080080	3	85080080		500	101002	18	106007	6	106006	3	111003	3						1785080080	13080080
85080081	1	85080081	3	85080081		500	101002	18	106007	6	106006	3	111003	3						1785080081	13080081
85080082	1	85080082	3	85080082		500	101002	18	106007	6	106006	3	111003	3						1785080082	13080082
85080083	1	85080083	3	85080083		500	101002	18	106007	6	106006	3	111003	3						1785080083	13080083
85080084	1	85080084	3	85080084		500	101002	18	106007	6	106006	3	111003	3						1785080084	13080084
85080085	1	85080085	3	85080085		500	101002	18	106007	6	106006	3	111003	3						1785080085	13080085
85080086	1	85080086	3	85080086		500	101002	18	106007	6	106006	3	111003	3						1785080086	13080086
85080087	1	85080087	3	85080087		500	101002	18	106007	6	106006	3	111003	3						1785080087	13080087
85080088	1	85080088	3	85080088		500	101002	18	106007	6	106006	3	111003	3						1785080088	13080088
85080089	1	85080089	3	85080089		500	101002	18	106007	6	106006	3	111003	3						1785080089	13080089
85080090	1	85080090	2	85080090		200	101001	8	106007	2	111003	2								1785080090	13080090
85080091	1	85080091	2	85080091		200	101001	8	106007	2	111003	2								1785080091	13080091
85080092	1	85080092	2	85080092		200	101001	8	106007	2	111003	2								1785080092	13080092
85080093	1	85080093	2	85080093		200	101001	8	106007	2	111003	2								1785080093	13080093
85080094	1	85080094	2	85080094		200	101001	8	106007	2	111003	2								1785080094	13080094
85080095	1	85080095	2	85080095		200	101001	8	106007	2	111003	2								1785080095	13080095
85080096	1	85080096	2	85080096		200	101001	8	106007	2	111003	2								1785080096	13080096
85080097	1	85080097	2	85080097		200	101001	8	106007	2	111003	2								1785080097	13080097
85080098	1	85080098	2	85080098		200	101001	8	106007	2	111003	2								1785080098	13080098
85080099	1	85080099	2	85080099		200	101001	8	106007	2	111003	2								1785080099	13080099
85080100	1	85080100	3	85080100		500	101001	18	101006	6	106004	3	111003	3						1785080100	13080100
85080101	1	85080101	3	85080101		500	101001	18	101006	6	106004	3	111003	3						1785080101	13080101
85080102	1	85080102	3	85080102		500	101001	18	101006	6	106004	3	111003	3						1785080102	13080102
85080103	1	85080103	3	85080103		500	101001	18	101006	6	106004	3	111003	3						1785080103	13080103
85080104	1	85080104	3	85080104		500	101001	18	101006	6	106004	3	111003	3						1785080104	13080104
85080105	1	85080105	3	85080105		500	101001	18	101006	6	106004	3	111003	3						1785080105	13080105
85080106	1	85080106	3	85080106		500	101001	18	101006	6	106004	3	111003	3						1785080106	13080106
85080107	1	85080107	3	85080107		500	101001	18	101006	6	106004	3	111003	3						1785080107	13080107
85080108	1	85080108	3	85080108		500	101001	18	101006	6	106004	3	111003	3						1785080108	13080108
85080109	1	85080109	3	85080109		500	101001	18	101006	6	106004	3	111003	3						1785080109	13080109
85080110	1	85080110	1	85080110		50	101001	4	101003	1	111003	1								1785080110	13080110
85080111	1	85080111	1	85080111		50	101001	4	101003	1	111003	1								1785080111	13080111
85080112	1	85080112	1	85080112		50	101001	4	101003	1	111003	1								1785080112	13080112
85080113	1	85080113	1	85080113		50	101001	4	101003	1	111003	1								1785080113	13080113
85080114	1	85080114	1	85080114		50	101001	4	101003	1	111003	1								1785080114	13080114
85080115	1	85080115	1	85080115		50	101001	4	101003	1	111003	1								1785080115	13080115
85080116	1	85080116	1	85080116		50	101001	4	101003	1	111003	1								1785080116	13080116
85080117	1	85080117	1	85080117		50	101001	4	101003	1	111003	1								1785080117	13080117
85080118	1	85080118	1	85080118		50	101001	4	101003	1	111003	1								1785080118	13080118
85080119	1	85080119	1	85080119		50	101001	4	101003	1	111003	1								1785080119	13080119
85080120	1	85080120	2	85080120		200	101001	8	106010	2	111003	2								1785080120	13080120
85080121	1	85080121	2	85080121		200	101001	8	106010	2	111003	2								1785080121	13080121
85080122	1	85080122	2	85080122		200	101001	8	106010	2	111003	2								1785080122	13080122
85080123	1	85080123	2	85080123		200	101001	8	106010	2	111003	2								1785080123	13080123
85080124	1	85080124	2	85080124		200	101001	8	106010	2	111003	2								1785080124	13080124
85080125	1	85080125	2	85080125		200	101001	8	106010	2	111003	2								1785080125	13080125
85080126	1	85080126	2	85080126		200	101001	8	106010	2	111003	2								1785080126	13080126
85080127	1	85080127	2	85080127		200	101001	8	106010	2	111003	2								1785080127	13080127
85080128	1	85080128	2	85080128		200	101001	8	106010	2	111003	2								1785080128	13080128
85080129	1	85080129	2	85080129		200	101001	8	106010	2	111003	2								1785080129	13080129
85085000	1	85085000	1	85085000		50	101002	7												1785085000	13085000
85085001	1	85085001	1	85085001		50	101002	7												1785085001	13085001
85085002	1	85085002	1	85085002		50	101002	7												1785085002	13085002
85085003	1	85085003	1	85085003		50	101002	7												1785085003	13085003
85085004	1	85085004	1	85085004		50	101002	7												1785085004	13085004
85085005	1	85085005	1	85085005		50	101002	7												1785085005	13085005
85085006	1	85085006	1	85085006		50	101002	7												1785085006	13085006
85085007	1	85085007	1	85085007		50	101002	7												1785085007	13085007
85085008	1	85085008	1	85085008		50	101002	7												1785085008	13085008
85085009	1	85085009	1	85085009		50	101002	7												1785085009	13085009
85085010	1	85085010	1	85085010		50	101002	7												1785085010	13085010
85085011	1	85085011	1	85085011		50	101002	7												1785085011	13085011
85085012	1	85085012	1	85085012		50	101002	7												1785085012	13085012
85085013	1	85085013	1	85085013		50	101002	7												1785085013	13085013
85085014	1	85085014	1	85085014		50	101002	7												1785085014	13085014
85085015	1	85085015	1	85085015		50	101002	7												1785085015	13085015
85085016	1	85085016	1	85085016		50	101002	7												1785085016	13085016
85085017	1	85085017	1	85085017		50	101002	7												1785085017	13085017
85085018	1	85085018	1	85085018		50	101002	7												1785085018	13085018
85085019	1	85085019	1	85085019		50	101002	7												1785085019	13085019
85085020	1	85085020	2	85085020		200	101002	10												1785085020	13091547
85085030	1	85085030	2	85085030		200	101002	12												1785085030	13091547
85090010	1	85090010	2	85090010		200	106002	6	106004	2	102004	2								1785090010	13090010
85090020	1	85090020	1	85090020		50	111001	3	111002	2										1785090020	13090020
85090030	1	85090030	1	85090030		50	111001	5												1785090030	13090030
85090040	1	85090040	1	85090040		50	102003	3	102002	2										1785090040	13090040
85090050	1	85090050	1	85090050		50	111002	3	104003	2										1785090050	13090050
85090060	1	85090060	1	85090060		50	101002	3	111005	1	111006	1								1785090060	13090060
85090070	1	85090070	2	85090070		200	106002	6	106005	2	102004	2								1785090070	13090070
85090080	1	85090080	1	85090080		50	106003	3	102004	2										1785090080	13090080
85090090	1	85090090	1	85090090		50	106003	3	102004	2										1785090090	13090090
85090100	1	85090100	2	85090100		200	106003	3	111002	2	111003	2	104001	2	111007	1				1785090100	13090100
85090110	1	85090110	1	85090110		50	102001	5												1785090110	13090110
85090120	1	85090120	1	85090120		50	102001	5												1785090120	13090120
85090130	1	85090130	1	85090130		50	111002	3	106004	1	104003	1								1785090130	13090130
85090140	1	85090140	2	85090140		200	101003	4	101001	2	101002	2	101004	2						1785090140	13090140
85090150	1	85090150	2	85090150		200	106003	10	111002	2	104002	2								1785090150	13090150
85090160	1	85090160	2	85090160		200	106003	10	111002	2	104002	2								1785090160	13090160
85090170	1	85090170	1	85090170		50	106003	5	104002	2										1785090170	13090170
85090180	1	85090180	1	85090180		50	106003	5	104002	2										1785090180	13090180
85090190	1	85090190	2	85090190		200	101002	4	101001	2	111003	2	104002	2						1785090190	13090190
85090200	1	85090200	2	85090200		200	101002	4	101001	2	111003	2	104002	2						1785090200	13090200
85090210	1	85090210	1	85090210		50	101003	5												1785090210	13090210
85090220	1	85090220	2	85090220		200	106003	4	106006	4	104002	4	111002	2						1785090220	13090220
85090230	1	85090230	2	85090230		200	106003	4	106006	4	104002	4	111002	2						1785090230	13090230
85090240	1	85090240	2	85090240		200	106007	4	106006	4	104002	4	111002	2						1785090240	13090240
85090250	1	85090250	2	85090250		200	106007	4	106006	4	104002	4	111002	2						1785090250	13090250
85090260	1	85090260	3	85090260		500	106003	15	106006	10	111002	4	104002	4	111007	1	111009	1		1785090260	13090260
85090270	1	85090270	3	85090270		500	106007	15	101002	10	111002	4	104002	4	111005	1	104004	1		1785090270	13090270
85090280	1	85090280	3	85090280		500	106004	15	106007	8	106006	4	104002	4	111007	2	111009	2		1785090280	13090280
85090290	1	85090290	3	85090290		500	106004	15	111002	8	104002	6	101002	4	111008	1	111010	1		1785090290	13090290
85090300	1	85090300	3	85090300		500	106004	15	111002	8	104002	6	101002	4	111008	1	111010	1		1785090300	13090300
85090310	1	85090310	3	85090310		500	106004	15	111002	8	104002	6	101002	4	111008	1	111010	1		1785090310	13090310
85090320	1	85090320	1	85090320		50	110002	5												1785090320	13090320
85090330	1	85090330	3	85090330		500	101002	12	106007	5	101001	5	103002	5	111002	5	111003	3		1785090330	13090330
85090340	1	85090340	1	85090340		50	101001	5	103001	2										1785090340	13090340
85090350	1	85090350	1	85090350		50	101001	5	103001	2										1785090350	13090350
85090360	1	85090360	1	85090360		50	101001	5	103001	2										1785090360	13090360
85090370	1	85090370	1	85090370		50	101002	7												1785090370	13090370
85090380	1	85090380	1	85090380		50	101001	5	103001	2										1785090380	13090380
85090390	1	85090390	1	85090390		50	101002	5	103001	2										1785090390	13090390
85090400	1	85090400	3	85090400		500	101001	20	103003	15										1785090400	13090400
85090410	1	85090410	2	85090410		200	101002	8	103002	6										1785090410	13090410
85090420	1	85090420	1	85090420		50	101004	5												1785090420	13090420
85090430	1	85090430	1	85090430		50	101003	5												1785090430	13090430
85090440	1	85090440	1	85090440		50	101003	5												1785090440	13090440
85090450	1	85090450	1	85090450		50	111002	3	111005	1	111006	1								1785090450	13090450
85090460	1	85090460	2	85090460		200	102003	5	110001	2	111005	2	111006	1						1785090460	13090460
85090720	1	85090720	2	85090720		200	101001	7	111003	3										1785090720	13090720
85090730	1	85090730	1	85090730		50	101001	3	111003	2										1785090730	13090730
85090731	1	85090731	1	85090731		50	101001	3	111003	2										1785090731	13090731
85090732	1	85090732	1	85090732		50	101001	3	111003	2										1785090732	13090732
85090733	1	85090733	1	85090733		50	101001	3	111003	2										1785090733	13090733
85090734	1	85090734	1	85090734		50	101001	3	111003	2										1785090734	13090734
85090735	1	85090735	1	85090735		50	101001	3	111003	2										1785090735	13090735
85090736	1	85090736	1	85090736		50	101001	3	111003	2										1785090736	13090736
85090737	1	85090737	1	85090737		50	101001	3	111003	2										1785090737	13090737
85090738	1	85090738	1	85090738		50	101001	3	111003	2										1785090738	13090738
85090739	1	85090739	1	85090739		50	101001	3	111003	2										1785090739	13090739
85090750	1	85090750	1	85090750		50	102003	7												1785090750	13090750
85090751	1	85090751	1	85090751		50	102003	7												1785090751	13090751
85090752	1	85090752	1	85090752		50	102003	7												1785090752	13090752
85090753	1	85090753	1	85090753		50	102003	7												1785090753	13090753
85090754	1	85090754	1	85090754		50	102003	7												1785090754	13090754
85090755	1	85090755	1	85090755		50	102003	7												1785090755	13090755
85090756	1	85090756	1	85090756		50	102003	7												1785090756	13090756
85090757	1	85090757	1	85090757		50	102003	7												1785090757	13090757
85090758	1	85090758	1	85090758		50	102003	7												1785090758	13090758
85090759	1	85090759	1	85090759		50	102003	7												1785090759	13090759
85090760	1	85090760	1	85090760		50	102004	5	106003	2										1785090760	13090760
85090761	1	85090761	1	85090761		50	102004	5	106003	2										1785090761	13090761
85090762	1	85090762	1	85090762		50	102004	5	106003	2										1785090762	13090762
85090763	1	85090763	1	85090763		50	102004	5	106003	2										1785090763	13090763
85090764	1	85090764	1	85090764		50	102004	5	106003	2										1785090764	13090764
85090765	1	85090765	1	85090765		50	102004	5	106003	2										1785090765	13090765
85090766	1	85090766	1	85090766		50	102004	5	106003	2										1785090766	13090766
85090767	1	85090767	1	85090767		50	102004	5	106003	2										1785090767	13090767
85090768	1	85090768	1	85090768		50	102004	5	106003	2										1785090768	13090768
85090769	1	85090769	1	85090769		50	102004	5	106003	2										1785090769	13090769
85090770	1	85090770	2	85090770		200	101002	10	106003	4										1785090770	13090770
85090771	1	85090771	2	85090771		200	101002	10	106003	4										1785090771	13090771
85090772	1	85090772	2	85090772		200	101002	10	106003	4										1785090772	13090772
85090773	1	85090773	2	85090773		200	101002	10	106003	4										1785090773	13090773
85090774	1	85090774	2	85090774		200	101002	10	106003	4										1785090774	13090774
85090775	1	85090775	2	85090775		200	101002	10	106003	4										1785090775	13090775
85090776	1	85090776	2	85090776		200	101002	10	106003	4										1785090776	13090776
85090777	1	85090777	2	85090777		200	101002	10	106003	4										1785090777	13090777
85090778	1	85090778	2	85090778		200	101002	10	106003	4										1785090778	13090778
85090779	1	85090779	2	85090779		200	101002	10	106003	4										1785090779	13090779
85090780	1	85090780	2	85090780		200	102004	10	106004	4										1785090780	13090780
85090781	1	85090781	2	85090781		200	102004	10	106004	4										1785090781	13090781
85090782	1	85090782	2	85090782		200	102004	10	106004	4										1785090782	13090782
85090783	1	85090783	2	85090783		200	102004	10	106004	4										1785090783	13090783
85090784	1	85090784	2	85090784		200	102004	10	106004	4										1785090784	13090784
85090785	1	85090785	2	85090785		200	102004	10	106004	4										1785090785	13090785
85090786	1	85090786	2	85090786		200	102004	10	106004	4										1785090786	13090786
85090787	1	85090787	2	85090787		200	102004	10	106004	4										1785090787	13090787
85090788	1	85090788	2	85090788		200	102004	10	106004	4										1785090788	13090788
85090789	1	85090789	2	85090789		200	102004	10	106004	4										1785090789	13090789
85090790	1	85090790	2	85090790		200	106004	10	106007	4										1785090790	13090790
85090791	1	85090791	2	85090791		200	106004	10	106007	4										1785090791	13090791
85090792	1	85090792	2	85090792		200	106004	10	106007	4										1785090792	13090792
85090793	1	85090793	2	85090793		200	106004	10	106007	4										1785090793	13090793
85090794	1	85090794	2	85090794		200	106004	10	106007	4										1785090794	13090794
85090795	1	85090795	2	85090795		200	106004	10	106007	4										1785090795	13090795
85090796	1	85090796	2	85090796		200	106004	10	106007	4										1785090796	13090796
85090797	1	85090797	2	85090797		200	106004	10	106007	4										1785090797	13090797
85090798	1	85090798	2	85090798		200	106004	10	106007	4										1785090798	13090798
85090799	1	85090799	2	85090799		200	106004	10	106007	4										1785090799	13090799
85090800	1	85090800	1	85090800		50	102003	7												1785090800	13090800
85090801	1	85090801	1	85090801		50	102003	7												1785090801	13090801
85090802	1	85090802	1	85090802		50	102003	7												1785090802	13090802
85090803	1	85090803	1	85090803		50	102003	7												1785090803	13090803
85090804	1	85090804	1	85090804		50	102003	7												1785090804	13090804
85090805	1	85090805	1	85090805		50	102003	7												1785090805	13090805
85090806	1	85090806	1	85090806		50	102003	7												1785090806	13090806
85090807	1	85090807	1	85090807		50	102003	7												1785090807	13090807
85090808	1	85090808	1	85090808		50	102003	7												1785090808	13090808
85090809	1	85090809	1	85090809		50	102003	7												1785090809	13090809
85090810	1	85090810	2	85090810		200	106004	14												1785090810	13090810
85090820	1	85090820	3	85090820		500	106006	14	111002	5	111005	5	111008	1						1785090820	13090820
85090821	1	85090821	3	85090821		500	106006	2	111002	1	111005	1	111008	1						1785090821	13090821
85090822	1	85090822	3	85090822		500	106006	2	111002	1	111005	1	111008	1						1785090822	13090822
85090823	1	85090823	3	85090823		500	106006	2	111002	1	111005	1	111008	1						1785090823	13090823
85090824	1	85090824	3	85090824		500	106006	2	111002	1	111005	1	111008	1						1785090824	13090824
85090825	1	85090825	3	85090825		500	106006	2	111002	1	111005	1	111008	1						1785090825	13090825
85090826	1	85090826	3	85090826		500	106006	2	111002	1	111005	1	111008	1						1785090826	13090826
85090827	1	85090827	3	85090827		500	106006	2	111002	1	111005	1	111008	1						1785090827	13090827
85090828	1	85090828	3	85090828		500	106006	2	111002	1	111005	1	111008	1						1785090828	13090828
85090829	1	85090829	3	85090829		500	106006	2	111002	1	111005	1	111008	1						1785090829	13090829
85090830	1	85090830	1	85090830		50	106003	7												1785090830	13090830
85090831	1	85090831	1	85090831		50	106003	7												1785090831	13090831
85090832	1	85090832	1	85090832		50	106003	7												1785090832	13090832
85090833	1	85090833	1	85090833		50	106003	7												1785090833	13090833
85090834	1	85090834	1	85090834		50	106003	7												1785090834	13090834
85090835	1	85090835	1	85090835		50	106003	7												1785090835	13090835
85090836	1	85090836	1	85090836		50	106003	7												1785090836	13090836
85090837	1	85090837	1	85090837		50	106003	7												1785090837	13090837
85090838	1	85090838	1	85090838		50	106003	7												1785090838	13090838
85090839	1	85090839	1	85090839		50	106003	7												1785090839	13090839
85090840	1	85090840	1	85090840		50	101002	5	103001	2										1785090840	13090840
85090841	1	85090841	1	85090841		50	101002	5	103001	2										1785090841	13090841
85090842	1	85090842	1	85090842		50	101002	5	103001	2										1785090842	13090842
85090843	1	85090843	1	85090843		50	101002	5	103001	2										1785090843	13090843
85090844	1	85090844	1	85090844		50	101002	5	103001	2										1785090844	13090844
85090845	1	85090845	1	85090845		50	101002	5	103001	2										1785090845	13090845
85090846	1	85090846	1	85090846		50	101002	5	103001	2										1785090846	13090846
85090847	1	85090847	1	85090847		50	101002	5	103001	2										1785090847	13090847
85090848	1	85090848	1	85090848		50	101002	5	103001	2										1785090848	13090848
85090849	1	85090849	1	85090849		50	101002	5	103001	2										1785090849	13090849
85090850	1	85090850	1	85090850		50	101001	5	103001	2										1785090850	13090850
85090851	1	85090851	1	85090851		50	101001	5	103001	2										1785090851	13090851
85090852	1	85090852	1	85090852		50	101001	5	103001	2										1785090852	13090852
85090853	1	85090853	1	85090853		50	101001	5	103001	2										1785090853	13090853
85090854	1	85090854	1	85090854		50	101001	5	103001	2										1785090854	13090854
85090855	1	85090855	1	85090855		50	101001	5	103001	2										1785090855	13090855
85090856	1	85090856	1	85090856		50	101001	5	103001	2										1785090856	13090856
85090857	1	85090857	1	85090857		50	101001	5	103001	2										1785090857	13090857
85090858	1	85090858	1	85090858		50	101001	5	103001	2										1785090858	13090858
85090859	1	85090859	1	85090859		50	101001	5	103001	2										1785090859	13090859
85090860	1	85090860	1	85090860		50	101001	5	103001	2										1785090860	13090860
85090861	1	85090861	1	85090861		50	101001	5	103001	2										1785090861	13090861
85090862	1	85090862	1	85090862		50	101001	5	103001	2										1785090862	13090862
85090863	1	85090863	1	85090863		50	101001	5	103001	2										1785090863	13090863
85090864	1	85090864	1	85090864		50	101001	5	103001	2										1785090864	13090864
85090865	1	85090865	1	85090865		50	101001	5	103001	2										1785090865	13090865
85090866	1	85090866	1	85090866		50	101001	5	103001	2										1785090866	13090866
85090867	1	85090867	1	85090867		50	101001	5	103001	2										1785090867	13090867
85090868	1	85090868	1	85090868		50	101001	5	103001	2										1785090868	13090868
85090869	1	85090869	1	85090869		50	101001	5	103001	2										1785090869	13090869
85090870	1	85090870	1	85090870		50	101001	5	103001	2										1785090870	13090870
85090871	1	85090871	1	85090871		50	101001	5	103001	2										1785090871	13090871
85090872	1	85090872	1	85090872		50	101001	5	103001	2										1785090872	13090872
85090873	1	85090873	1	85090873		50	101001	5	103001	2										1785090873	13090873
85090874	1	85090874	1	85090874		50	101001	5	103001	2										1785090874	13090874
85090875	1	85090875	1	85090875		50	101001	5	103001	2										1785090875	13090875
85090876	1	85090876	1	85090876		50	101001	5	103001	2										1785090876	13090876
85090877	1	85090877	1	85090877		50	101001	5	103001	2										1785090877	13090877
85090878	1	85090878	1	85090878		50	101001	5	103001	2										1785090878	13090878
85090879	1	85090879	1	85090879		50	101001	5	103001	2										1785090879	13090879
85090880	1	85090880	2	85090880		200	106007	8	106005	2	101001	2	104002	2						1785090880	13090880
85090881	1	85090881	2	85090881		200	106007	8	106005	2	101001	2	104002	2						1785090881	13090881
85090882	1	85090882	2	85090882		200	106007	8	106005	2	101001	2	104002	2						1785090882	13090882
85090883	1	85090883	2	85090883		200	106007	8	106005	2	101001	2	104002	2						1785090883	13090883
85090884	1	85090884	2	85090884		200	106007	8	106005	2	101001	2	104002	2						1785090884	13090884
85090885	1	85090885	2	85090885		200	106007	8	106005	2	101001	2	104002	2						1785090885	13090885
85090886	1	85090886	2	85090886		200	106007	8	106005	2	101001	2	104002	2						1785090886	13090886
85090887	1	85090887	2	85090887		200	106007	8	106005	2	101001	2	104002	2						1785090887	13090887
85090888	1	85090888	2	85090888		200	106007	8	106005	2	101001	2	104002	2						1785090888	13090888
85090889	1	85090889	2	85090889		200	106007	8	106005	2	101001	2	104002	2						1785090889	13090889
85090890	1	85090890	2	85090890		200	106007	8	106005	2	101001	2	104002	2						1785090890	13090890
85090891	1	85090891	2	85090891		200	106007	8	106005	2	101001	2	104002	2						1785090891	13090891
85090892	1	85090892	2	85090892		200	106007	8	106005	2	101001	2	104002	2						1785090892	13090892
85090893	1	85090893	2	85090893		200	106007	8	106005	2	101001	2	104002	2						1785090893	13090893
85090894	1	85090894	2	85090894		200	106007	8	106005	2	101001	2	104002	2						1785090894	13090894
85090895	1	85090895	2	85090895		200	106007	8	106005	2	101001	2	104002	2						1785090895	13090895
85090896	1	85090896	2	85090896		200	106007	8	106005	2	101001	2	104002	2						1785090896	13090896
85090897	1	85090897	2	85090897		200	106007	8	106005	2	101001	2	104002	2						1785090897	13090897
85090898	1	85090898	2	85090898		200	106007	8	106005	2	101001	2	104002	2						1785090898	13090898
85090899	1	85090899	2	85090899		200	106007	8	106005	2	101001	2	104002	2						1785090899	13090899
85090900	1	85090900	3	85090900		500	106007	15	101002	10	111002	4	104002	3	111004	3				1785090900	13090900
85090901	1	85090901	3	85090901		500	106007	15	101002	10	111002	4	104002	3	111004	3				1785090901	13090901
85090902	1	85090902	3	85090902		500	106007	15	101002	10	111002	4	104002	3	111004	3				1785090902	13090902
85090903	1	85090903	3	85090903		500	106007	15	101002	10	111002	4	104002	3	111004	3				1785090903	13090903
85090904	1	85090904	3	85090904		500	106007	15	101002	10	111002	4	104002	3	111004	3				1785090904	13090904
85090905	1	85090905	3	85090905		500	106007	15	101002	10	111002	4	104002	3	111004	3				1785090905	13090905
85090906	1	85090906	3	85090906		500	106007	15	101002	10	111002	4	104002	3	111004	3				1785090906	13090906
85090907	1	85090907	3	85090907		500	106007	15	101002	10	111002	4	104002	3	111004	3				1785090907	13090907
85090908	1	85090908	3	85090908		500	106007	15	101002	10	111002	4	104002	3	111004	3				1785090908	13090908
85090909	1	85090909	3	85090909		500	106007	15	101002	10	111002	4	104002	3	111004	3				1785090909	13090909
85090910	1	85090910	3	85090910		500	106007	15	101002	10	111002	4	104002	3	111004	3				1785090910	13090910
85090911	1	85090911	3	85090911		500	106007	15	101002	10	111002	4	104002	3	111004	3				1785090911	13090911
85090912	1	85090912	3	85090912		500	106007	15	101002	10	111002	4	104002	3	111004	3				1785090912	13090912
85090913	1	85090913	3	85090913		500	106007	15	101002	10	111002	4	104002	3	111004	3				1785090913	13090913
85090914	1	85090914	3	85090914		500	106007	15	101002	10	111002	4	104002	3	111004	3				1785090914	13090914
85090915	1	85090915	3	85090915		500	106007	15	101002	10	111002	4	104002	3	111004	3				1785090915	13090915
85090916	1	85090916	3	85090916		500	106007	15	101002	10	111002	4	104002	3	111004	3				1785090916	13090916
85090917	1	85090917	3	85090917		500	106007	15	101002	10	111002	4	104002	3	111004	3				1785090917	13090917
85090918	1	85090918	3	85090918		500	106007	15	101002	10	111002	4	104002	3	111004	3				1785090918	13090918
85090919	1	85090919	3	85090919		500	106007	15	101002	10	111002	4	104002	3	111004	3				1785090919	13090919
85090940	1	85090940	1	85090940		50	111002	7												1785090940	13090940
85090941	1	85090941	1	85090941		50	111002	7												1785090941	13090941
85090942	1	85090942	1	85090942		50	111002	7												1785090942	13090942
85090943	1	85090943	1	85090943		50	111002	7												1785090943	13090943
85090944	1	85090944	1	85090944		50	111002	7												1785090944	13090944
85090945	1	85090945	1	85090945		50	111002	7												1785090945	13090945
85090946	1	85090946	1	85090946		50	111002	7												1785090946	13090946
85090947	1	85090947	1	85090947		50	111002	7												1785090947	13090947
85090948	1	85090948	1	85090948		50	111002	7												1785090948	13090948
85090949	1	85090949	1	85090949		50	111002	7												1785090949	13090949
85090950	1	85090950	1	85090950		50	111002	7												1785090950	13090950
85090951	1	85090951	1	85090951		50	111002	7												1785090951	13090951
85090952	1	85090952	1	85090952		50	111002	7												1785090952	13090952
85090953	1	85090953	1	85090953		50	111002	7												1785090953	13090953
85090954	1	85090954	1	85090954		50	111002	7												1785090954	13090954
85090955	1	85090955	1	85090955		50	111002	7												1785090955	13090955
85090956	1	85090956	1	85090956		50	111002	7												1785090956	13090956
85090957	1	85090957	1	85090957		50	111002	7												1785090957	13090957
85090958	1	85090958	1	85090958		50	111002	7												1785090958	13090958
85090959	1	85090959	1	85090959		50	111002	7												1785090959	13090959
85090960	1	85090960	2	85090960		200	106005	10	111002	2	102004	2								1785090960	13090960
85090961	1	85090961	2	85090961		200	106005	10	111002	2	102004	2								1785090961	13090961
85090962	1	85090962	2	85090962		200	106005	10	111002	2	102004	2								1785090962	13090962
85090963	1	85090963	2	85090963		200	106005	10	111002	2	102004	2								1785090963	13090963
85090964	1	85090964	2	85090964		200	106005	10	111002	2	102004	2								1785090964	13090964
85090965	1	85090965	2	85090965		200	106005	10	111002	2	102004	2								1785090965	13090965
85090966	1	85090966	2	85090966		200	106005	10	111002	2	102004	2								1785090966	13090966
85090967	1	85090967	2	85090967		200	106005	10	111002	2	102004	2								1785090967	13090967
85090968	1	85090968	2	85090968		200	106005	10	111002	2	102004	2								1785090968	13090968
85090969	1	85090969	2	85090969		200	106005	10	111002	2	102004	2								1785090969	13090969
85090970	1	85090970	2	85090970		200	101003	10												1785090970	13090970
85090971	1	85090971	2	85090971		200	101003	10												1785090971	13090971
85090972	1	85090972	2	85090972		200	101003	10												1785090972	13090972
85090973	1	85090973	2	85090973		200	101003	10												1785090973	13090973
85090974	1	85090974	2	85090974		200	101003	10												1785090974	13090974
85090975	1	85090975	2	85090975		200	101003	10												1785090975	13090975
85090976	1	85090976	2	85090976		200	101003	10												1785090976	13090976
85090977	1	85090977	2	85090977		200	101003	10												1785090977	13090977
85090978	1	85090978	2	85090978		200	101003	10												1785090978	13090978
85090979	1	85090979	2	85090979		200	101003	10												1785090979	13090979
85090980	1	85090980	2	85090980		200	101003	10												1785090980	13090980
85090981	1	85090981	2	85090981		200	101003	10												1785090981	13090981
85090982	1	85090982	2	85090982		200	101003	10												1785090982	13090982
85090983	1	85090983	2	85090983		200	101003	10												1785090983	13090983
85090984	1	85090984	2	85090984		200	101003	10												1785090984	13090984
85090985	1	85090985	2	85090985		200	101003	10												1785090985	13090985
85090986	1	85090986	2	85090986		200	101003	10												1785090986	13090986
85090987	1	85090987	2	85090987		200	101003	10												1785090987	13090987
85090988	1	85090988	2	85090988		200	101003	10												1785090988	13090988
85090989	1	85090989	2	85090989		200	101003	10												1785090989	13090989
85090990	1	85090990	2	85090990		200	101003	10												1785090990	13090990
85090991	1	85090991	2	85090991		200	101003	10												1785090991	13090991
85090992	1	85090992	2	85090992		200	101003	10												1785090992	13090992
85090993	1	85090993	2	85090993		200	101003	10												1785090993	13090993
85090994	1	85090994	2	85090994		200	101003	10												1785090994	13090994
85090995	1	85090995	2	85090995		200	101003	10												1785090995	13090995
85090996	1	85090996	2	85090996		200	101003	10												1785090996	13090996
85090997	1	85090997	2	85090997		200	101003	10												1785090997	13090997
85090998	1	85090998	2	85090998		200	101003	10												1785090998	13090998
85090999	1	85090999	2	85090999		200	101003	10												1785090999	13090999
85091000	1	85091000	3	85091000		500	111002	15	106004	10	104002	5	104004	5						1785091000	13091000
85091001	1	85091001	3	85091001		500	111002	15	106004	10	104002	5	104004	5						1785091001	13091001
85091002	1	85091002	3	85091002		500	111002	15	106004	10	104002	5	104004	5						1785091002	13091002
85091003	1	85091003	3	85091003		500	111002	15	106004	10	104002	5	104004	5						1785091003	13091003
85091004	1	85091004	3	85091004		500	111002	15	106004	10	104002	5	104004	5						1785091004	13091004
85091005	1	85091005	3	85091005		500	111002	15	106004	10	104002	5	104004	5						1785091005	13091005
85091006	1	85091006	3	85091006		500	111002	15	106004	10	104002	5	104004	5						1785091006	13091006
85091007	1	85091007	3	85091007		500	111002	15	106004	10	104002	5	104004	5						1785091007	13091007
85091008	1	85091008	3	85091008		500	111002	15	106004	10	104002	5	104004	5						1785091008	13091008
85091009	1	85091009	3	85091009		500	111002	15	106004	10	104002	5	104004	5						1785091009	13091009
85091010	1	85091010	2	85091010		200	101002	7	111001	3										1785091010	13091010
85091011	1	85091011	2	85091011		200	101002	7	111001	3										1785091011	13091011
85091012	1	85091012	2	85091012		200	101002	7	111001	3										1785091012	13091012
85091013	1	85091013	2	85091013		200	101002	7	111001	3										1785091013	13091013
85091014	1	85091014	2	85091014		200	101002	7	111001	3										1785091014	13091014
85091015	1	85091015	2	85091015		200	101002	7	111001	3										1785091015	13091015
85091016	1	85091016	2	85091016		200	101002	7	111001	3										1785091016	13091016
85091017	1	85091017	2	85091017		200	101002	7	111001	3										1785091017	13091017
85091018	1	85091018	2	85091018		200	101002	7	111001	3										1785091018	13091018
85091019	1	85091019	2	85091019		200	101002	7	111001	3										1785091019	13091019
85091020	1	85091020	2	85091020		200	101001	6	111003	3	104003	3	111002	2						1785091020	13091020
85091021	1	85091021	2	85091021		200	101001	6	111003	3	104003	3	111002	2						1785091021	13091021
85091022	1	85091022	2	85091022		200	101001	6	111003	3	104003	3	111002	2						1785091022	13091022
85091023	1	85091023	2	85091023		200	101001	6	111003	3	104003	3	111002	2						1785091023	13091023
85091024	1	85091024	2	85091024		200	101001	6	111003	3	104003	3	111002	2						1785091024	13091024
85091025	1	85091025	2	85091025		200	101001	6	111003	3	104003	3	111002	2						1785091025	13091025
85091026	1	85091026	2	85091026		200	101001	6	111003	3	104003	3	111002	2						1785091026	13091026
85091027	1	85091027	2	85091027		200	101001	6	111003	3	104003	3	111002	2						1785091027	13091027
85091028	1	85091028	2	85091028		200	101001	6	111003	3	104003	3	111002	2						1785091028	13091028
85091029	1	85091029	2	85091029		200	101001	6	111003	3	104003	3	111002	2						1785091029	13091029
85091090	1	85091090	1	85091090		50	102001	5	106003	1	101002	1								1785091090	13091090
85091360	1	85091360	1	85091360		50	101002	5	103001	2										1785091360	13091360
85091370	1	85091370	1	85091370		50	101002	5	103001	2										1785091370	13091370
85091380	1	85091380	1	85091380		50	111002	3	111005	1	111006	1								1785091380	13091380
85091390	1	85091390	2	85091390		200	106004	14												1785091390	13091547
85091400	1	85091400	2	85091400		200	102003	8	110001	2	107001	2								1785091400	13091547
85091540	1	85091540	1	85091540		50	101003	5	103001	2										1785091540	13091540
85091541	1	85091541	1	85091541		50	101003	5	103001	2										1785091541	13091541
85091542	1	85091542	1	85091542		50	101003	5	103001	2										1785091542	13091542
85091543	1	85091543	1	85091543		50	101003	5	103001	2										1785091543	13091543
85091544	1	85091544	1	85091544		50	101003	5	103001	2										1785091544	13091544
85091545	1	85091545	1	85091545		50	101003	5	103001	2										1785091545	13091545
85091546	1	85091546	1	85091546		50	101003	5	103001	2										1785091546	13091546
85091547	1	85091547	1	85091547		50	101003	5	103001	2										1785091547	13091547
85091670	1	85091670	3	85091670		500	102004	24	110002	6	107001	6								1785091670	13091547
85091671	1	85091671	3	85091671		500	102004	24	110002	6	107001	6								1785091671	13091547
87010010	2	87010010	4	87010010		50	201001	6	203011	4										1787010010	14010010
87010020	2	87010020	4	87010020		200	201002	9	201004	6									85070010	1787010020	14010020
87010030	2	87010030	4	87010030		200	201006	15											85040130	1787010030	14010030
87010040	2	87010040	4	87010040		200	201002	9	203020	6										1787010040	14010040
87010050	2	87010050	4	87010050		200	201005	15											85070010	1787010050	14010050
87010060	2	87010060	4	87010060		50	201007	10											85040330	1787010060	14010060
87010080	2	87010080	4	87010080		50	201008	10											85040120	1787010080	14010080
87010090	2	87010090	4	87010090		50	201004	6	203011	4									85070010	1787010090	14010090
87020010	2	87020010	4	87020010		50	202001	15												1787020010	14020010
87020020	2	87020020	4	87020020		200	202002	9	208001	6										1787020020	14020020
87020030	2	87020030	4	87020030		200	211015	6	202003	3	202004	3	201008	1	204001	1	203022	1	85040110	1787020030	14020030
87020040	2	87020040	4	87020040		500	202005	15											85070010	1787020040	14020040
87020050	2	87020050	4	87020050		200	205001	6	202006	3	203023	3	204001	1	203018	1	204002	1	85040110	1787020050	14020050
87020060	2	87020060	4	87020060		200	202006	15											85070010	1787020060	14020060
87020070	2	87020070	4	87020070		200	202008	15											85030090	1787020070	14020070
87030010	2	87030010	4	87030010		50	203003	5	203015	3	211007	2								1787030010	14030010
87030020	2	87030020	4	87030020		50	203023	10											85070140	1787030020	14030020
87030030	2	87030030	4	87030030		50	203024	10											85070140	1787030030	14030030
87030040	2	87030040	4	87030040		50	203025	10											85070140	1787030040	14030040
87030050	2	87030050	4	87030050		50	203026	10											85070140	1787030050	14030050
87030060	2	87030060	4	87030060		50	203027	10											85070140	1787030060	14030060
87030070	2	87030070	4	87030070		200	202001	6	203013	4	203010	3	204002	2						1787030070	14030070
87030080	2	87030080	4	87030080		200	203023	9	209001	6										1787030080	14030080
87040010	2	87040010	4	87040010		50	211003	10											85040140	1787040010	14040010
87040020	2	87040020	4	87040020		200	206001	6	201009	4	203003	3	211007	2						1787040020	14040020
87040030	2	87040030	4	87040030		200	206002	6	209001	4	203023	3	203021	2						1787040030	14040030
87040040	2	87040040	4	87040040		200	206003	6	201005	4	209001	3	203003	2						1787040040	14040040
87050010	2	87050010	4	87050010		200	207001	6	208002	3	201004	2	203012	2	203025	1	208003	1	85040110	1787050010	14050010
87050020	2	87050020	4	87050020		200	207001	6	203013	3	203012	3	201001	2	211007	1			85040400	1787050020	14050020
87050030	2	87050030	4	87050030		50	207001	4	201004	3	203011	3							85070010	1787050030	14050030
87050040	2	87050040	4	87050040		200	207001	6	202004	3	203012	2	203023	2	209001	1	203013	1		1787050040	14050040
87060010	2	87060010	4	87060010		500	201003	8	203011	5	211008	3	203007	2	204003	1	204004	1	85040110	1787060010	14060010
87060020	2	87060020	4	87060020		500	201003	8	203023	5	203021	2	203012	2	203011	2	204003	1	85040110	1787060020	14060020
87060030	2	87060030	4	87060030		200	211010	6	203005	3	203011	2	203008	2	204005	1	204002	1	85040110	1787060030	14060030
87060040	2	87060040	4	87060040		50	202007	3	211008	3	203005	2	203011	1	203027	1			85040110	1787060040	14060040
87060050	2	87060050	4	87060050		200	201010	6	203008	4	203004	3	211008	2					85040400	1787060050	14060050
87060060	2	87060060	4	87060060		200	211012	6	201001	3	207002	3	203011	1	204006	1	203006	1	85040400	1787060060	14060060
87070010	2	87070010	4	87070010		50	211001	10												1787070010	14070010
87070020	2	87070020	4	87070020		200	205001	6	204002	3	203010	2	209003	2	201006	1	209001	1	85040100	1787070020	14070020
87070030	2	87070030	4	87070030		200	205002	6	203002	3	211011	2	203019	2	203005	1	211013	1	85040110	1787070030	14070030
87070040	2	87070040	4	87070040		500	205001	8	201003	5	203023	3	209001	2	203021	1	203012	1	85040110	1787070040	14070040
87070050	2	87070050	4	87070050		50	205003	4	204007	2	203011	2	211007	1	211002	1			85040100	1787070050	14070050
87080010	2	87080010	4	87080010		50	208004	10												1787080010	14080010
87080020	2	87080020	4	87080020		500	208005	10	202005	10									85040100	1787080020	14080020
87080030	2	87080030	4	87080030		200	203025	6	203012	5	201008	4								1787080030	14080030
87090010	2	87090010	4	87090010		50	208006	6	209003	4									85060010	1787090010	14090010
87090020	2	87090020	4	87090020		50	208007	10											85060010	1787090020	14090020
87090030	2	87090030	4	87090030		200	209003	6	209002	4	211014	3	211016	2					85060030	1787090030	14090030
87100010	2	87100010	4	87100010		50	211004	10											85070140	1787100010	14100010
87100020	2	87100020	4	87100020		200	203028	10												1787100020	14100020
87100030	2	87100030	4	87100030		200	210001	9	211014	6									85070140	1787100030	14100030
87100040	2	87100040	4	87100040		200	211006	6	211005	5	211004	4							85060010	1787100040	14100040
87100050	2	87100050	4	87100050		500	208008	8	209004	5	210002	3	210005	2	210003	1	210004	1		1787100050	14100050
